,has_issues,stargazers_count,forks,size,has_downloads,archived,has_projects,has_wiki,open_issues_count,has_pages
892,1,16276,-0.36090272956726455,-0.3134488983157124,1,0,0,0,0.04720003285802643,1
137,1,43257,1.0753190278608462,0.32626598525948,1,0,1,0,0.9954212592756069,0
142,1,42174,0.2553023979507936,0.034076859488061335,1,0,1,1,-0.42081420253502266,1
14,1,125568,1.2393753607355464,-0.3101545126241492,1,0,0,0,-0.38892545703729986,0
430,1,24115,0.2921421883701528,-0.16971469092953173,1,0,0,0,-0.41331096830026437,0
779,0,17605,-0.3505663854927681,3.1407118382335653,1,0,0,1,-0.4264416282110914,0
177,1,38127,-0.27211618431197443,0.02031920680196969,1,0,1,1,0.35108101936573766,0
930,1,15882,-0.19591877607049413,-0.3154260619415859,1,0,1,1,-0.4264416282110914,0
264,1,30937,-0.30617311286512305,-0.31882156771091913,1,0,1,1,-0.41518677685895394,0
736,1,18187,-0.6924608433414972,-0.247486674953461,1,0,1,1,-0.3542229987015427,0
859,1,16643,-0.5721351969358204,-0.3127756514821377,1,0,1,1,-0.40018030838943736,0
629,0,20021,-0.5111772703426362,-0.3190637236866318,1,0,1,1,-0.41331096830026437,0
463,1,23269,-0.7086279456118634,-0.11792790583784327,1,0,0,1,-0.20790993112375583,1
4,1,171438,5.452495708946648,-0.284211890566759,1,0,0,0,-0.38423593564057595,0
556,1,21046,-0.3711065564100367,-0.24321568219501283,1,0,1,1,0.05939278848950867,0
694,1,18831,0.0130608983587484,-0.3160514097909537,1,0,1,1,-0.30076245477888985,0
110,1,48466,0.9316703486716902,1.00574500889043,1,0,1,1,8.014696885891999,0
45,1,71184,2.890937619715667,2.2783944087208607,0,0,0,1,-0.03627344800365968,1
251,1,31386,0.11231630492025928,0.01268996303968251,0,0,1,1,-0.13193968449682802,1
389,1,25073,-0.5245615107467918,-0.006371171619983725,1,0,1,1,-0.3823601270818864,1
268,1,30681,0.24483353664457286,-0.17722684828597984,1,0,1,1,6.7926076099057395,0
903,1,16199,-0.5093220290984958,-0.30543380162509187,1,0,1,1,-0.4029940212274717,0
993,1,15307,-0.6548259495317921,-0.2689613862062191,1,0,1,0,-0.22948172954868595,0
573,1,20762,-0.418547725367341,-0.29816912235371273,1,0,1,0,-0.42362791537305705,1
915,1,16092,-0.5625939562516699,-0.27716541777898906,1,0,1,1,-0.3936149784340238,0
270,1,30621,-0.27807945973956855,-0.31101137223051706,1,0,1,1,-0.41987629825567785,1
835,1,16869,-0.6075172978062121,1.1654615106736448,1,0,1,1,0.28542771981160253,0
15,1,121238,1.4995066866103741,0.08943744101251985,1,0,1,1,8.040958205713654,0
776,1,17638,-0.5747855415703067,-0.30632525494227575,1,0,1,1,-0.2960729333821659,0
213,1,33872,2.4919282349937584,1.507933925643591,1,0,1,0,3.2154406884847195,0
653,1,19688,-0.4555200330184245,-0.28436090962873606,1,0,0,0,-0.36829156289171455,0
924,1,15969,0.1934168507355392,-0.20936972774348486,1,0,1,1,-0.366415754333025,0
437,1,23837,-0.32194266344031636,-0.013151538939937594,0,0,1,1,0.6090046961855543,0
790,1,17438,-0.282054976691298,-0.23402439933664523,1,0,0,0,0.3632737749972199,1
465,1,23206,-0.4062236228169798,-0.31864327704748235,1,0,1,1,-0.242612389459513,0
306,1,28387,-0.0162254098523249,-0.3092524150882527,1,0,1,1,-0.4161246811382987,0
671,1,19418,-0.39588727874248336,-0.3166474860388617,1,0,0,1,-0.4245658196524018,0
798,1,17342,-0.45909799827498093,-0.17206706326502594,1,0,1,1,-0.3326512002766126,0
322,1,27573,-0.5933379540117106,-0.26851965112964443,1,0,0,0,-0.4058077340655061,0
676,1,19246,-0.6617168455814564,-0.2691343547602996,1,0,1,0,-0.3936149784340238,0
918,1,16037,6.591613832848847,-0.2521302153668517,1,0,1,1,-0.2951350291028211,0
197,1,36092,-0.4552549985549758,-0.09030615827853354,1,0,1,1,-0.05972105498727937,1
38,1,77577,2.9403665471488356,2.2946774022965273,1,0,1,0,2.3347485701799635,0
981,1,15465,-0.2953066998637293,0.3033170497150207,1,0,1,1,2.006482072409288,1
286,1,29671,0.062754860255366,0.5550608054330725,1,0,0,0,-0.304514071896269,0
581,1,20659,-0.13867133196559067,0.7100885288733678,1,0,1,1,0.9475881410290228,0
149,1,41215,-0.1301902291352346,-0.31477942565479283,1,0,0,0,-0.41424887257960913,0
788,1,17463,-0.4176201047452708,-0.27587480626008104,1,0,1,1,-0.2669979007224775,0
588,1,20601,0.06487513596295501,-0.2842864000977475,1,0,1,1,-0.35234719014285315,0
682,1,19031,-0.6136130904655306,-0.2836690354124142,1,0,0,0,-0.34203024307006047,0
807,1,17242,-0.05651064829651623,-0.06978144354587884,1,0,1,1,1.7147938415330592,0
994,1,15286,-0.6402490540421176,0.21476779424453998,1,0,1,0,0.3032479011191535,0
450,1,23645,-0.32949614564860225,-0.22663731155007066,1,0,1,1,-0.4180004896969883,0
953,1,15678,-0.030272236415102145,-0.31711050955286174,1,0,1,1,-0.29982455049954504,0
745,1,18077,-0.6214316071372651,-0.3152903481529997,1,0,0,0,-0.4170625854176435,1
180,1,37780,0.5416721357070353,-0.21739812970749617,1,0,1,1,-0.3270237746005439,0
506,1,22169,-0.5963858503413698,-0.31600084975206866,1,0,0,0,-0.42081420253502266,0
406,1,24669,0.3996136632985711,-0.19351782502568063,1,0,1,1,-0.17789699418472263,1
825,1,16954,-0.402513140328699,0.9484870953804428,0,0,0,1,0.16350016349678012,0
787,1,17491,-0.6014215051468937,-0.30669248048786196,1,0,1,1,-0.38329803136123114,1
568,1,20828,-0.6067221944158663,-0.24769955932771387,1,0,0,0,-0.08223075769155427,0
73,1,55316,3.6738494247429117,0.0435768246890956,1,0,1,1,0.03688308578523377,1
366,1,25956,-0.6283225031869294,-0.277577881254104,1,0,0,0,-0.06441057638400331,0
228,1,32887,-0.22281977411052978,-0.12376625980172819,1,0,1,1,-0.3279616788798887,0
136,1,43273,0.32752428924054455,-0.27795575101840286,1,0,0,0,-0.36829156289171455,0
499,1,22415,-0.5352954065164612,-0.3082199258731263,1,0,1,1,-0.20134460116834232,0
536,1,21456,-0.1418517455269742,-0.17029213979469265,1,0,1,1,0.1484936950272635,0
592,1,20535,-0.4180176564404437,-0.2700364522961961,1,0,1,1,-0.15257357864241336,0
309,1,28168,-0.510249649720566,17.109702825810064,1,0,1,1,-0.23041963382803074,1
87,1,52982,1.3826264882295294,-0.31261598820144804,1,0,1,1,-0.3729810842884385,0
814,1,17089,-0.3114738021340956,-0.309505215282678,1,0,1,1,-0.4180004896969883,1
734,1,18207,-0.4539298262377327,-0.3158811022915514,1,0,1,1,-0.38329803136123114,0
255,1,31231,-0.039813477099252724,-0.07704878387193614,1,0,1,1,-0.19759298405096318,1
593,1,20530,-0.33863983463757985,0.16723869663790888,1,0,0,0,-0.31576892324840644,0
762,1,17815,-0.6772213616932011,-0.2953750149416438,1,0,0,0,0.080026682635094,0
107,1,49069,1.7698418393279738,-0.06613579863679846,1,0,1,0,1.728862405723231,0
848,1,16737,-0.5011059607315883,-0.2810425744450694,1,0,0,0,-0.38423593564057595,0
51,1,67963,2.445149652195076,-0.2781500080099086,1,0,1,1,0.4898908527087663,1
935,1,15867,-0.5274768898447267,-0.2411640090381508,1,0,1,1,-0.3692294671710593,1
911,1,16116,-0.5741229554116851,-0.31255212288917217,1,0,1,1,-0.25855676220837437,1
770,1,17738,-0.1019640587779558,0.052800040203601135,1,0,1,0,0.046262128578681644,1
379,1,25381,-0.12091402291453264,3.6895836372057023,1,0,1,1,-0.304514071896269,0
554,1,21054,-0.037693201391663704,-0.18930537547015197,1,0,0,0,-0.2022825054476871,1
665,1,19559,-0.5171405457702303,-0.29873326594548283,1,0,1,0,-0.1657042385532404,1
547,1,21231,-0.13973146981938517,1.5625414286941302,1,0,1,1,-0.19384136693358403,1
634,1,19952,-0.09043505961794052,-0.25212755431217354,1,0,1,1,-0.2904455077060972,0
670,1,19440,-0.38157541771625747,-0.24823177026334606,1,0,1,1,-0.286693890588718,0
751,1,17978,-0.26244242639609955,-0.3072858956810918,1,0,0,0,-0.2257301124313068,1
574,1,20743,-0.5387408545412934,0.3598165626417321,1,0,1,1,0.8659904687260263,1
999,1,15233,-0.5115748220378091,-0.30916726133855155,1,0,1,1,-0.3692294671710593,1
387,1,25160,-0.03756068415993939,-0.31820154197090766,1,0,1,1,-0.40486982978616126,0
560,1,20987,-0.3933694513397214,-0.30708897763490794,1,0,0,0,-0.39924240411009254,0
570,1,20799,-0.555040474043384,-0.31133069879189634,1,0,1,0,-0.33734072167333656,1
992,1,15311,-0.506009098305388,-0.31523712705943646,1,0,0,0,-0.3861117441992655,1
254,1,31292,-0.5253566141371377,-0.302722186908046,1,0,1,1,-0.22854382526934117,0
928,1,15895,-0.7577918385815837,-0.3188455172030226,1,0,0,0,-0.42081420253502266,0
470,1,22966,-0.5672320593620208,-0.26804864445161,1,0,1,1,-0.39924240411009254,0
94,1,51244,1.6888738107444181,-0.27076824233269037,1,0,1,1,2.668642493626708,0
253,1,31331,-0.15868143395596201,-0.31774650162094215,1,0,0,0,-0.4086214469035404,0
219,1,33695,-0.5192608214778193,-0.2942733383048852,1,0,0,0,-0.1872760369781705,0
619,1,20156,0.15975747387756353,-0.2622209347064377,0,0,1,0,-0.2801285606333045,0
323,1,27527,0.7959727033859931,-0.1322576852797395,0,1,0,0,-0.4264416282110914,0
259,1,31124,0.41935873082549385,0.04744067608178517,1,0,1,1,-0.41049725546223,0
562,1,20980,-0.5013709951950369,-0.2998881636758046,0,0,1,0,-0.17883489846406742,1
448,0,23682,-0.3280384560996348,-0.2961121270874944,1,0,1,0,0.5199037896477995,0
532,1,21545,-0.5490771986157899,-0.3178396385346778,1,0,0,0,-0.42362791537305705,0
624,1,20125,-0.6695353622531909,-0.2755421744253109,1,0,1,1,-0.02314278809283265,0
436,1,23927,0.23197936516731446,-0.14735384846894603,1,0,1,1,1.4493669304784842,0
227,1,32923,-0.44849661973703586,-0.284988918532782,1,0,1,1,-0.30826568901364815,0
828,1,16923,-0.3049804577796042,0.13812675845882907,1,0,0,0,-0.2876317948680628,1
637,1,19847,-0.2045323961325745,0.1271046699818868,1,0,1,1,0.110977523853472,1
659,1,19633,-0.5730628175578906,-0.3179221312297008,1,0,1,1,-0.40486982978616126,0
609,1,20228,-0.3562646264569136,-0.2956357983001036,1,0,1,1,-0.39080126559598943,1
841,1,16799,-0.6736433964366446,0.05468672797041719,1,0,1,1,-0.3954907869927134,0
996,1,15269,-0.5089244774033228,0.5517344870853714,1,0,1,1,-0.4245658196524018,1
469,1,23002,-0.2880182521188921,-0.3068814153700114,1,0,1,1,-0.3092035932929929,0
863,1,16611,-0.11150529946210637,-0.2973974164970461,1,0,1,1,-0.4245658196524018,1
959,0,15635,1.6839706731706185,-0.19439331201479554,1,0,1,1,-0.41424887257960913,0
755,1,17943,-0.3768047973741822,-0.317131797990287,1,0,1,0,-0.2932592205441315,0
654,1,19688,-0.4969979265481346,-0.1382796520164175,1,1,1,1,-0.1563251957597925,0
300,1,28920,-0.17299329498218788,-0.11434346518636058,1,0,0,1,-0.3589125200982667,0
498,1,22433,-0.41324703609836844,-0.18802008606060028,1,0,1,0,-0.19290346265423924,0
538,1,21452,-0.5742554726434095,-0.28772448274193135,1,0,1,1,-0.38142222280254157,0
404,1,24699,-0.5515950260185518,0.4242247300719375,1,0,0,1,0.9119477784139208,0
491,1,22573,-0.1781614670194361,0.40775812372347814,1,0,1,1,-0.27356323067789096,0
208,1,35115,-0.5717376452406475,-0.30599794521686197,1,0,1,1,-0.2022825054476871,1
112,1,48340,-0.06485923389514799,-0.3124802744128618,1,0,0,0,-0.05690734214924501,0
917,0,16051,-0.5624614390199455,-0.2986321458677127,1,0,0,0,-0.40486982978616126,1
120,1,46110,-0.2597920817616133,0.29051205460371066,1,0,0,1,-0.41424887257960913,0
244,1,31668,1.70398077516099,-0.11648029209292375,1,0,1,1,0.6643410486668968,1
995,1,15285,-0.5342352686626667,-0.3154952493632181,1,0,0,0,-0.16101471715651644,1
144,1,42107,-0.16610239893252357,-0.3080975173579309,1,0,1,1,-0.32889958315923346,1
111,1,48458,1.7773953215362597,0.30536872287188277,1,0,1,0,0.15693483354136661,0
105,1,49141,0.5015194144945683,-0.3116260758611722,1,0,0,1,-0.4180004896969883,1
796,1,17364,-0.7349988747250018,-0.31642395744589624,1,0,0,0,-0.3720431800090937,0
988,1,15380,-0.6389238817248745,-0.3019185483952414,1,0,1,0,-0.3110794018516825,0
103,1,49507,-0.03119985703717234,-0.19255718428686455,1,0,0,1,-0.21259945252047976,0
851,1,16719,-0.5114423048060848,-0.027497284709902786,1,0,1,1,3.487432929494708,0
383,1,25249,-0.646344846701436,-0.3086589998950228,1,0,0,0,-0.3185826360864408,0
761,1,17880,0.13934982019201925,-0.21056986340333542,1,0,1,1,-0.17039375994996434,0
58,1,62220,-0.40370579541421786,-0.3114557683617699,1,0,1,1,-0.17695908990537784,0
902,1,16201,-0.6711255690338827,-0.3089942927844711,1,0,0,1,-0.3589125200982667,0
809,1,17172,-0.08539940481241659,-0.31672199556985026,1,0,1,1,-0.41049725546223,1
950,1,15697,-0.5828690927054898,1.1882614271561271,1,0,1,1,-0.11787112030665621,1
537,1,21453,-0.5962533331096455,-0.2790281560537017,1,0,0,1,-0.4180004896969883,0
335,1,27063,-0.4703619629715476,-0.31855546224310305,1,0,0,0,-0.3898633613166447,0
25,1,98906,1.7470488754713918,-0.30166840925549426,1,0,0,0,-0.2801285606333045,1
600,1,20372,-0.6269973308696862,-0.2767236827024144,1,0,0,0,-0.3542229987015427,0
540,1,21431,-0.14715243479594672,-0.2389899273660934,1,0,1,1,-0.41987629825567785,1
11,1,133090,2.410695171946754,-0.2894967451575865,1,0,1,1,-0.23792286806278906,0
420,1,24340,-0.2968969066444211,-0.23970042896516233,1,0,0,0,0.9044445441791625,0
438,1,23829,-0.6036742980862071,-0.2212566589908294,1,0,1,1,0.44580935157956125,0
201,1,35756,0.0949565475643742,-0.2570398612480585,1,0,1,0,-0.39173916987533425,1
679,1,19152,-0.6403815712738419,-0.30260776155688507,0,0,1,0,-0.3270237746005439,1
502,1,22313,-0.4628084807632617,-0.316684740804356,1,0,1,1,-0.23604705950409946,1
417,1,24406,-0.6283225031869294,-0.30718743665799986,1,0,1,1,-0.3504713815841636,0
377,0,25449,-0.17829398425116041,-0.24770222038239204,1,0,1,1,-0.22854382526934117,0
545,1,21300,-0.5531852327992436,-0.09855808883551037,1,0,0,0,-0.39736659555140297,0
658,1,19636,-0.23090332524571291,-0.3036775055375057,1,0,1,0,-0.4264416282110914,0
341,1,26811,0.0871380308926397,0.1787956571051615,1,0,0,0,0.8641146601673366,0
124,1,45314,0.306586566628103,-0.2857845738815521,1,0,0,1,-0.11974692886534578,1
106,1,49091,-0.1176010921214248,-0.3127064640605055,1,0,1,1,0.265731729945362,0
689,1,18938,-0.2629724953229968,-0.2891561301587819,1,0,1,1,0.03782099006457856,0
727,1,18309,4.006732710834387,-0.163714012630279,1,0,1,1,0.25353897431387973,0
673,1,19409,-0.6216966416007137,-0.31303643484059746,1,0,0,0,-0.4255037239317466,0
369,1,25828,-0.18399222521530592,-0.22681028010415114,1,0,1,1,-0.4264416282110914,0
837,1,16835,-0.5983736088172346,-0.31689230306925253,1,0,1,1,-0.42269001109371224,1
937,1,15862,-0.3279059388679105,-0.3158385254167008,1,0,1,1,-0.36735365861236974,0
361,1,26032,4.748299139563645,0.5639966270423367,1,0,1,1,-0.38142222280254157,0
204,1,35311,2.3330400741563064,-0.233441628362128,1,0,1,1,0.35108101936573766,0
801,1,17310,-0.657741328629727,-0.19345662076808293,1,0,1,1,-0.26324628360509833,1
122,1,45681,0.12318271792165299,-0.26596503863861,1,0,1,0,-0.29701083766151065,0
428,1,24164,-0.21367608512155215,-0.30815606056085043,1,0,1,0,-0.3514092858635084,0
830,1,16909,-0.6973639809152967,-0.26992468799971336,1,0,0,0,-0.1732074727879987,0
128,1,44395,-0.20956805093809844,-0.31868585392233295,1,0,1,1,-0.4011182126687821,0
610,1,20222,-0.4579053431894621,-0.27978921769165566,1,0,0,0,-0.3898633613166447,1
632,1,19981,-0.25488894418781366,-0.3171876801385284,1,0,1,1,-0.4217521068143675,0
947,1,15737,-0.21950684331742196,-0.3060724547478505,1,0,0,0,-0.4264416282110914,0
210,1,34896,0.21276436656728898,0.06465237774012961,0,1,1,1,0.10910171529478242,0
885,1,16330,-0.3973449682914508,-0.31849159693082724,1,0,1,1,-0.4011182126687821,0
683,1,19028,-0.7477205289705359,-0.3155617757301721,1,0,1,1,-0.39736659555140297,0
114,1,48085,0.9026490749240655,-0.09323331842451049,1,0,1,1,0.743125008131859,1
454,1,23551,-0.4780479624115578,-0.26524389282082844,1,0,1,0,-0.10661626895451876,0
83,1,54184,3.0939540187173153,0.12815578657976034,0,0,1,0,0.48801504415007674,0
800,1,17318,-0.5910851610723973,-0.3122594068745745,1,0,1,0,-0.0578452464285898,0
91,1,52056,-0.022321202511643327,-0.061604022519890514,1,0,1,0,0.16631387633481448,0
978,1,15484,-0.6760287066076822,-0.2990073545773334,1,0,1,1,-0.3945528827133686,1
898,1,16250,-0.7073027732946203,-0.3073816936495056,1,0,0,0,-0.38329803136123114,0
299,1,28963,0.09455899586920126,-0.3070863165802298,1,0,1,1,-0.4255037239317466,0
169,1,38792,0.6223751298271423,-0.2865669239569314,1,0,1,1,-0.2548051450909952,0
925,1,15933,-0.6232868483814055,-0.27862101468794304,1,1,0,1,-0.19853088833030796,0
793,0,17397,0.11019602921267026,0.02241877894303861,0,0,0,0,-0.361726232936301,0
242,1,31712,-0.1547059170042326,-0.31698011787363184,1,0,1,0,-0.41518677685895394,0
847,1,16755,-0.5751830932654797,-0.3159981886973905,1,0,1,1,-0.4245658196524018,1
529,1,21585,-0.47579516947224443,-0.26832805519281683,1,0,1,1,-0.4161246811382987,0
823,1,16972,-0.38290059003350063,-0.07413492899935001,1,0,1,1,0.7037330283993779,0
520,1,21713,-0.485336410156395,-0.3150215816305055,1,0,0,0,-0.42269001109371224,0
878,1,16405,-0.6540308461414462,-0.13147267414968203,1,0,1,1,0.2948067626050504,0
352,1,26349,0.036781482837400535,-0.17006595014704898,1,0,1,1,0.14474207790988436,0
422,1,24275,-0.47327734206948247,0.38961239187309926,1,0,0,1,0.2188365159781226,0
916,1,16067,-0.4414732064556472,-0.004205073111960785,1,0,1,1,1.1135971984730502,0
850,1,16721,-0.5617988528613239,-0.18790832176411754,0,0,1,1,-0.3410923387907157,0
256,1,31231,-0.3933694513397214,-0.31347018675313765,1,0,1,1,-0.38423593564057595,0
744,1,18084,-0.16954784695735572,-0.30829177434943666,1,0,1,1,-0.4264416282110914,0
829,1,16922,-0.6051319876351745,-0.13891564408449797,1,0,1,1,-0.008136319623316044,0
449,1,23662,0.07733175574504049,-0.30177751249729884,1,0,1,1,0.18319615336302067,0
864,1,16595,-0.3333391453686073,-0.2764495940705638,1,0,0,0,-0.2810664649126493,0
557,1,21012,0.04751537860706993,-0.0894998587110508,1,0,1,1,-0.3279616788798887,1
692,1,18842,-0.028416995170961752,-0.30183073359086204,1,0,1,1,-0.09629932188172609,0
887,0,16327,-0.38912889992454336,-0.25582109820546084,1,0,1,1,-0.379546414243852,1
838,1,16827,-0.42914910390528604,-0.3137442753849882,1,0,1,1,0.03125566010916504,0
183,1,37557,0.2865764646377317,-0.17133261217385354,1,0,0,0,-0.34203024307006047,0
329,1,27336,-0.21115825771879018,-0.27078154760608114,1,0,0,1,-0.4264416282110914,0
464,0,23208,-0.4931549268281295,-0.24392884484875993,1,0,1,0,-0.35797461581892187,0
298,1,29035,-0.03385020167165861,-0.0014828141762022267,1,0,1,1,-0.11036788607189792,0
507,1,22161,-0.23487884219744232,-0.3110699154334366,1,0,1,0,-0.149759865804379,1
589,1,20586,-0.6036742980862071,-0.047558975928557505,1,0,1,1,-0.1431945358489655,1
849,1,16727,-0.07612319859171465,-0.3048749801426781,1,0,1,1,-0.32983748743857827,0
416,1,24420,-0.4549899640915272,-0.31806848923699965,1,0,1,1,-0.41237306402091956,0
202,1,35693,-0.4393529307480582,-0.31670070713242493,1,0,1,1,-0.41424887257960913,0
649,1,19724,-0.3855509346679869,-0.3161818014701836,1,0,1,1,-0.11036788607189792,1
956,1,15659,-0.06936481977377465,-0.3057903829519654,1,0,1,0,-0.19946879260965275,0
414,1,24501,0.05294858510776679,0.37425278427075476,1,0,1,1,2.0965208832263875,0
509,1,22085,-0.26310501255472113,-0.04289946918709784,1,0,1,0,-0.3260858703211991,1
398,1,24903,-0.628189985955205,-0.30656208880863206,1,0,1,1,0.21977442025746738,0
27,1,95679,1.9672925145972011,1.644310316844657,1,0,1,1,1.2805441601964225,1
459,1,23435,-0.36686600499485866,-0.3178289943159652,1,0,1,1,-0.41987629825567785,0
163,1,39807,-0.4376302067356421,-0.001663765894317165,1,0,1,0,1.3771483009689356,0
346,1,26644,-0.02271875420681627,-0.15887887628006073,1,0,1,1,-0.3748568928471281,0
614,1,20175,0.009880484797364874,-0.31627493838391924,1,0,1,1,-0.4095593511828852,0
979,1,15478,0.20653605667624625,-0.3176240931057468,1,0,1,1,-0.38423593564057595,0
5,1,168954,3.719700386919524,0.12206197136677198,1,0,1,1,0.24978735719650058,1
432,1,24089,-0.5900250232186027,0.42233804230512145,1,0,0,0,-0.2829422734713389,1
576,1,20721,-0.08844730114207582,-0.14459433476769323,1,0,1,1,-0.379546414243852,0
357,1,26194,-0.36673348776313436,-0.23600688507187506,1,0,1,1,-0.0887960876469678,0
578,1,20693,-0.48798675479088127,-0.27451500731954087,1,0,0,0,-0.0343976394449701,0
550,1,21195,0.060767101779501294,6.668099477416473,1,0,1,1,-0.41987629825567785,1
191,1,36769,-0.20320722381533138,0.4945244725595911,1,0,1,0,0.04532422429933686,0
230,1,32792,-0.24455260011331723,-0.3000398437924598,1,0,1,1,-0.3345270088353022,0
511,1,22010,0.21965526261695328,-0.28229327014380506,1,0,1,1,-0.3476576687461292,0
79,1,54449,0.22402833126385563,-0.295907225877276,1,0,0,1,-0.4217521068143675,1
611,1,20220,-0.7145912210394575,-0.3013464216394368,1,0,1,1,-0.40205611694812693,1
441,1,23809,-0.23368618711192352,-0.2316188059075878,1,0,1,1,0.6605894315495177,0
16,0,118494,7.876235877184343,-0.31332116769116064,1,0,0,0,-0.17133166422930912,0
292,1,29261,-0.2872231487285462,-0.2690837947214145,1,0,0,0,-0.22854382526934117,0
23,1,104425,3.9701579548784767,-0.17522041305864655,1,0,1,1,-0.3729810842884385,0
187,1,37100,-0.22136208456156234,0.18856704988336817,1,0,0,1,0.28824143264963686,0
6,1,161792,1.9602691013158124,-0.31564959053455144,1,0,0,0,-0.3739189885677833,1
686,1,18970,-0.6096375735138012,-0.30668449732382747,1,0,1,0,-0.34671976446678443,0
78,1,54577,5.234902414455325,0.9978443375509705,1,0,0,1,1.494386335887034,0
553,1,21129,-0.6144081938558764,-0.3046381462763218,1,0,1,1,-0.07097590633941682,0
544,1,21304,-0.3124014227561658,-0.31759748255896514,1,0,1,1,-0.1797728027434122,1
349,1,26435,0.3414385985715975,-0.3169481852174939,1,0,1,0,-0.2510535279736161,0
303,1,28726,0.026445138762904073,-0.3133052013630917,1,0,1,1,-0.4245658196524018,0
314,1,28008,-0.3848883485093653,-0.1955535318544737,1,0,1,0,0.110977523853472,0
294,1,29197,0.10264254700438438,-0.2969955972406438,1,0,1,1,-0.3410923387907157,1
410,1,24560,0.0745488938788299,-0.26469039344777096,1,0,1,1,-0.3898633613166447,0
209,1,34988,0.28087822367358617,-0.012063167576569802,1,0,1,1,0.03969679862326813,1
517,1,21857,-0.23130087694088586,-0.13258499500515328,1,0,1,0,-0.05034201219383149,0
675,1,19252,0.3239463239839881,-0.3048137758850804,1,0,1,1,-0.4264416282110914,1
551,1,21183,-0.40609110558525546,0.1062872392346344,1,0,0,0,0.6108805047442439,0
518,1,21827,-0.5435114748833687,-0.10734755243747568,1,0,1,1,0.9410228110736092,1
740,1,18149,-0.2355414283560639,-0.22877946056599016,1,0,1,1,-0.35797461581892187,0
504,1,22242,-0.39230931348592685,-0.3054604121718735,1,0,1,1,0.3126269439126014,0
226,0,33008,1.8046938712714682,-0.31680182721019506,1,0,1,1,-0.0071984153439712565,0
60,1,60575,0.3238138067522638,-0.2773277421143569,1,0,1,0,-0.3936149784340238,0
317,1,27872,-0.39217679625420254,-0.06353328716155714,1,0,0,0,-0.3861117441992655,0
57,1,64565,0.32951204771640924,-0.29492263564635646,1,0,0,0,-0.4058077340655061,1
962,1,15626,-0.34314542051620656,-0.312549461834494,1,0,1,1,-0.3720431800090937,1
333,1,27119,-0.568159679984091,-0.3054870227186551,1,0,0,0,-0.2782527520746149,1
246,1,31568,-0.080496267238617,-0.31440155589049396,1,0,0,1,-0.06441057638400331,1
620,1,20150,-0.5943980918655051,-0.17801718152539361,1,0,1,1,0.43549240450676857,0
218,1,33807,-0.04829457992960879,-0.26015861733086304,1,0,1,1,-0.4039319255068165,0
39,1,76442,0.30526139431085986,-0.24506511519633462,1,0,1,1,-0.4245658196524018,0
140,1,42751,0.4508978319758805,-0.23712186698202445,1,0,1,1,-0.28200436919199406,1
758,1,17920,-0.5354279237481856,-0.3166235365467583,1,0,1,1,-0.32045844464513035,0
638,1,19846,-0.4801682381191468,-0.28083767323485104,1,0,0,0,-0.4264416282110914,1
524,1,21640,-0.41059669146388217,-0.3072433188062413,1,0,1,1,-0.27356323067789096,1
873,1,16491,-0.6258046757841674,-0.1889647604713474,1,0,1,1,0.7900202220990984,0
332,1,27121,-0.47393992822810405,-0.3036535560454023,1,0,1,1,-0.4161246811382987,1
513,1,21983,-0.2514434961629815,-0.12708193393071662,1,0,1,1,0.09128153398723146,0
633,1,19975,-0.3203524566596246,-0.2738124888845064,1,0,1,0,-0.37673270140581766,0
941,1,15810,-0.37335934934935006,-0.30188129362974714,1,0,1,1,-0.05503153359055543,0
882,1,16348,-0.20068939641256942,-0.1804999455401177,1,0,1,0,-0.3748568928471281,0
715,1,18473,0.1681060594761953,6.186759924066703,1,0,0,1,0.3492052108070481,1
424,1,24246,-0.2579368405174729,0.005914917829084962,1,0,1,0,1.3977821951145208,0
493,1,22561,-0.2894759416678595,-0.27651345938283967,1,0,1,0,-0.12443645026206973,0
452,1,23612,-0.15788633056561613,1.257081623242723,1,0,1,1,0.16631387633481448,1
843,1,16791,-0.5824715410103168,-0.318967925718218,1,0,0,1,-0.42081420253502266,1
462,1,23377,-0.18425725967875453,-0.3148007140922181,1,0,1,1,-0.2960729333821659,1
743,1,18098,-0.5615338183978753,-0.31846764743872374,1,0,1,1,-0.4170625854176435,0
394,1,24956,-0.5460293022861307,-0.31262131031080437,1,0,1,1,-0.4255037239317466,0
501,1,22343,-0.44306341323633897,-0.29197418706295425,1,0,1,1,-0.13756711017289674,0
289,1,29450,0.2441709504859513,-0.23161614485290966,1,0,0,1,-0.18821394125751528,1
285,1,29672,0.9349832794647981,-0.19065186913730137,1,0,1,1,-0.2707495178398566,1
797,1,17351,-0.655621052922138,-0.3177119079101261,1,0,0,1,-0.35234719014285315,0
220,1,33550,0.22840139991075797,-0.0718916599056604,1,0,1,1,2.1921871197195557,1
534,1,21481,-0.5307898206378345,-0.31754160041072377,1,0,1,1,-0.3570367115395771,0
627,1,20043,0.49211069104214206,0.0070644934500504524,1,0,1,1,1.1567407953229105,0
473,1,22907,-0.4398829996749555,-0.22239825144776043,1,0,1,1,-0.39642869127205815,1
265,1,30850,-0.2453477035036631,-0.24648345733979438,1,0,1,1,-0.25574304937034004,1
661,1,19624,-0.4553875157867001,2.695038400735185,1,0,1,1,2.740861123136257,0
542,1,21382,0.38728956074820997,-0.29561717091735645,1,0,1,1,-0.2651220921637879,0
716,1,18460,0.02419234582359074,2.5952142565933367,1,0,1,1,-0.22760592098999638,0
84,1,53743,0.6557694722216693,-0.23838054584479454,1,0,1,0,-0.3326512002766126,0
295,1,29147,-0.5804837825344522,-0.29455274904609213,1,0,1,1,-0.22948172954868595,1
381,1,25318,-0.1507304000525032,-0.31580925381524105,1,0,0,0,-0.3251479660418543,0
444,1,23765,-0.5979760571220616,-0.29664699907780473,1,0,1,1,-0.3936149784340238,1
481,1,22793,-0.18041425995874943,-0.2711461120969892,1,0,0,0,-0.02783230948955659,0
591,1,20551,-0.49633534038951305,-0.3155218599099997,1,0,1,1,-0.39924240411009254,0
754,1,17951,-0.5069367189274582,-0.25489505117746086,1,0,1,0,-0.0193911709754535,0
697,1,18767,-0.617191055722087,-0.1310123116903602,1,0,1,1,0.09972267250133456,0
879,1,16394,1.0755840623242947,0.3699259093640652,1,0,1,1,0.09409524682526582,0
269,1,30660,0.6883687112258504,0.10511105306688731,1,0,0,1,-0.16476633427389561,1
731,1,18290,-0.5200559248681652,1.1987539657521153,1,0,1,1,-0.40674563834485084,1
75,1,55143,-0.3933694513397214,0.43288380199467297,1,0,1,1,1.088273782930741,0
880,1,16388,-0.6272623653331348,-0.29628509564157485,1,0,1,1,-0.26043257076706394,0
59,1,62060,0.022204587347726037,0.784417108143757,1,0,1,0,0.681223325695103,0
832,1,16894,-0.1486101243449142,10.254770092719449,1,0,1,1,-0.41987629825567785,0
221,1,33473,-0.43577496549150174,-0.28066736573544876,1,0,0,1,-0.3514092858635084,0
272,1,30439,0.24867653636457795,0.532173074146211,0,0,1,1,0.3707770092319782,1
199,1,35916,-0.39986279569421274,-0.2650815684854606,1,0,1,0,0.2338429844476392,0
874,1,16490,-0.35520448860311904,0.7544722598504128,1,0,1,1,1.3077433842974213,0
320,1,27768,0.6205198885830019,-0.3128661273411952,0,0,0,0,-0.15257357864241336,1
833,1,16874,-0.49037206496191893,-0.19001587706922093,1,0,1,1,0.24603574007912143,0
234,0,32292,-0.30047487190097755,-0.31519987229394225,1,0,0,0,-0.4255037239317466,1
291,1,29291,-0.4761927211674174,-0.2160702634230939,1,0,1,0,-0.28950760342675236,0
605,1,20276,-0.5154178217578141,-0.3003059492602759,1,0,1,0,-0.3401544345113709,0
426,1,24207,-0.6627769834352509,-0.1828789284223935,1,0,0,0,-0.20509621828572147,0
563,1,20978,-0.3253881114651485,0.09973838367168053,1,0,1,0,0.01812500019833801,0
771,1,17720,-0.2864280453382003,-0.2742116470862305,1,0,0,0,-0.2594946664877192,0
777,1,17620,0.19739236768726862,1.4030298281211337,1,0,1,1,-0.3804843185231968,0
82,1,54266,1.2004152946085982,-0.24410979656687487,1,0,0,0,-0.4245658196524018,1
867,1,16572,-0.17763139809253886,-0.31447872647616065,1,0,1,1,-0.41331096830026437,1
982,1,15460,-0.36673348776313436,0.6130531700342321,1,0,1,1,-0.16007681287717165,0
575,1,20738,-0.6182511935758815,-0.29889825133552883,1,0,1,1,-0.12818806737944888,0
914,1,16100,0.07878944529400794,7.828630660491953,1,0,1,1,7.383487305892956,0
906,1,16176,-0.6375987094076313,-0.312863466286517,1,0,0,0,-0.22948172954868595,0
960,1,15633,-0.3846233140459167,-0.3119799961333676,1,0,1,1,-0.3870496484786103,0
36,0,80041,2.3119698343121406,-0.316437262719287,1,0,0,0,-0.40486982978616126,0
660,1,19631,0.027902828311871523,-0.2985762637194713,1,0,1,1,0.0884678211491971,0
262,1,31042,0.29532260193153637,-0.3076956981015286,1,0,0,1,-0.3514092858635084,1
980,1,15477,-0.6723182241194015,-0.31633880369619505,1,0,1,1,-0.4058077340655061,1
893,1,16272,-0.4569777225673919,-0.2812368314365752,1,0,1,1,-0.27919065635395973,1
434,1,23972,-0.45724275703084055,-0.3181429987679881,1,0,1,1,-0.3748568928471281,0
338,1,26912,-0.5530527155675192,-0.31829733993932147,1,0,1,1,-0.2885696991474076,1
565,1,20932,0.1377596134113275,1.4114307777400876,1,0,1,1,-0.3335891045559574,0
86,1,53214,0.39404793956615,-0.2955533056050806,1,0,0,1,-0.2651220921637879,0
53,1,66351,0.07600658342779736,-0.16044623748549747,1,0,1,0,-0.379546414243852,0
939,1,15853,-0.6099026079772498,-0.23403504355535787,1,0,1,1,-0.07660333201548555,0
871,1,16518,-0.5633890596420157,-0.2945287995539887,1,0,1,1,-0.348595573025474,0
602,1,20333,-0.20678518907188784,-0.28656160184757506,1,0,0,1,-0.32889958315923346,0
530,0,21578,-0.5355604409799098,-0.31172453488426416,1,0,0,0,-0.41331096830026437,0
71,1,55513,1.1069906462429573,-0.29577417314336796,1,0,0,0,-0.40205611694812693,0
175,0,38166,1.7169674638699726,0.693597973032805,1,0,0,0,0.9147614912519552,0
765,1,17785,-0.5449691644323361,-0.042234205517557626,1,0,1,1,0.11472914097085116,1
972,1,15550,-0.6484651224090251,-0.3157507106123215,1,0,1,1,-0.4245658196524018,0
688,1,18951,-0.6589339837152458,-0.29133021183083935,1,0,1,1,-0.3823601270818864,1
170,1,38716,0.1848032306734588,0.3664266224622837,1,0,1,1,0.35201892364508247,1
395,1,24924,-0.39058658947351077,-0.2672902438683341,1,0,0,1,-0.2566809536496848,1
407,1,24618,-0.6126854698434604,-0.29456339326480474,1,0,0,1,-0.41049725546223,1
127,1,44575,0.2541097428652748,-0.31680448826487323,1,0,0,0,-0.32421006176250955,0
52,1,67190,2.0029396499310415,-0.2475957781952656,1,0,0,1,-0.17789699418472263,0
749,1,17990,-0.42782393158804294,-0.19093394093318644,1,0,1,1,-0.12537435454141452,0
193,0,36569,-0.19300339697255922,2.5508012540148317,1,0,0,0,-0.2885696991474076,0
411,1,24556,-0.1576212961021675,0.6643130662996447,1,0,0,1,-0.40768354262419565,0
763,1,17810,-0.5305247861743859,-0.3148619183498158,1,0,1,1,-0.28200436919199406,0
80,1,54354,-0.1450321590883577,-0.1743050102493592,1,0,1,1,0.203830047508606,0
526,1,21605,-0.38038276263073867,-0.22050091946223174,1,0,1,0,-0.18540022841948092,0
26,1,96957,2.2086063935671763,-0.20732869880533547,1,0,0,1,-0.4189383939763331,0
46,1,70868,0.1923567128817447,-0.29220303776527606,1,0,0,0,1.083584261534017,0
153,1,40688,1.1953796398030743,-0.29191298280535655,1,0,1,1,-0.22948172954868595,0
954,1,15674,0.055731446973977375,-0.31406360194636757,1,0,1,1,-0.4264416282110914,1
334,1,27070,-0.07890606045792523,0.19858325969196564,1,0,0,1,0.38484557342215003,0
760,1,17883,-0.6845098094380383,-0.21866479173430073,1,0,1,1,-0.4245658196524018,0
287,1,29662,0.038636724081540924,-0.31842773161855137,1,0,1,1,-0.1872760369781705,0
780,1,17586,-0.5339702341992181,-0.31740854767681576,1,0,1,1,-0.42269001109371224,0
839,1,16812,0.03903427577671387,-0.2469837356192886,1,0,1,1,-0.013763745299384771,0
405,1,24697,-0.4005253818528343,-0.3177864174411146,1,0,0,0,-0.41987629825567785,1
641,0,19828,-0.15523598593112986,1.3389888862365145,1,0,1,1,-0.3729810842884385,0
635,1,19922,-0.5590159909951133,-0.3041485122155402,1,0,1,1,-0.3776706056851624,0
555,1,21052,0.26802405219632774,-0.26314165962508135,1,0,1,1,-0.14413244012831028,0
905,1,16181,-0.6825220509621737,-0.2537827303219896,1,0,1,1,-0.4264416282110914,0
471,1,22929,0.5406119978532408,-0.2532664857144264,1,0,1,1,-0.2332333466660651,0
561,1,20982,-0.6652948108380129,-0.2540940737193344,1,0,1,0,-0.41331096830026437,0
618,1,20156,-0.30935352642650654,-0.2774900664497247,1,0,1,1,-0.41049725546223,0
385,0,25197,-0.5946631263289537,-0.31770658580076977,1,0,0,0,-0.42362791537305705,1
816,1,17047,-0.4677116183370613,-0.29017797515519567,1,0,1,1,-0.3870496484786103,0
188,1,36904,-0.5824715410103168,-0.30817468794359754,1,0,0,1,-0.2191647824758933,0
495,1,22511,-0.36196286742105904,-0.31311892753562043,1,0,1,1,-0.12256064170338016,1
543,1,21368,-0.552125094945449,-0.09336104904906221,1,0,1,1,1.9511457199279454,0
384,1,25204,0.013723484517369969,-0.26835998784895476,1,0,0,0,-0.23792286806278906,0
552,1,21129,0.07865692806228362,-0.18871462133160027,1,0,1,1,-0.4058077340655061,0
932,1,15882,-0.47367489376465544,-0.061588056191821554,1,0,1,1,-0.11974692886534578,1
977,1,15491,-0.4707595146667205,-0.11235565734177443,1,0,1,1,-0.2857559863093732,0
946,1,15743,0.12212258006785849,0.30994573691831945,1,0,1,1,1.0141793448625027,0
948,1,15722,-0.15881395118768632,-0.15572818754111825,1,0,1,1,0.14661788646857393,0
549,1,21217,-0.5090569946350472,-0.31823081357236743,1,0,1,1,-0.4189383939763331,1
884,1,16333,-0.3194248360375544,-0.31007201992912625,1,0,1,0,-0.14600824868699985,1
328,1,27340,-0.4995157539508966,-0.29619728083719554,1,0,1,0,0.14474207790988436,0
160,1,40078,0.33507777144883044,-0.21176201589915147,1,0,0,0,-0.32045844464513035,1
355,1,26196,-0.6882202919263192,-0.21397335233670314,1,0,1,1,-0.4189383939763331,0
61,1,60323,1.51474616825867,0.1155956084988411,1,0,1,1,3.473364365304536,0
168,1,38910,0.1650581631465361,1.2294651977927697,1,0,1,0,5.497361800130588,0
139,1,42937,0.35760570084196375,0.19212221893339107,0,0,1,1,-0.12443645026206973,1
870,1,16535,-0.259659564529889,-0.27097314354290875,1,0,0,1,-0.22854382526934117,0
130,1,44250,0.9813643105683078,-0.015078142526926056,1,0,1,0,0.22821555877157046,0
836,1,16854,-0.6676801210090505,0.20164613362652878,1,0,0,0,0.1409904607925052,0
117,1,47258,-0.49845561609710204,-0.1418694147772565,1,0,1,1,0.29855837972242955,0
146,1,41749,0.3238138067522638,0.759836946081585,1,0,1,1,2.062756329169975,0
687,1,18965,0.07507896280572716,-0.2324969539513809,1,0,1,0,-0.35328509442219796,0
22,1,107590,0.47170303735659774,-0.31683109881165483,1,0,0,0,-0.2651220921637879,0
205,1,35248,-0.11614340257245735,0.356572736989054,1,0,1,1,0.9147614912519552,1
17,1,116403,1.7245209460782585,0.6739886611094376,1,0,1,1,4.608228543311729,0
483,0,22663,-0.3202199394279003,-0.005945402871477988,1,0,0,0,-0.24636400657689214,0
344,1,26691,1.470352895631025,3.1410684195604386,1,0,1,1,1.1736230723511165,0
604,1,20309,-0.5132975460502252,-0.29735750067687367,1,0,1,1,0.009683861684234922,0
129,0,44327,0.1458431645465106,-0.318736413961218,1,0,0,0,-0.3983044998307478,0
710,1,18552,-0.3573247643107081,-0.31831596732206857,1,0,1,0,-0.15257357864241336,1
508,1,22088,-0.27887456312991443,-0.23211908418708205,1,0,1,0,-0.24073658090082342,0
257,1,31173,-0.13045526359868323,0.04004560513117614,1,0,0,0,-0.39080126559598943,0
108,1,49002,-0.1333706426966181,-0.31094218480888486,1,0,0,0,-0.12349854598272494,0
810,1,17131,-0.6153358144779466,-0.3186193275553789,1,0,1,1,-0.40674563834485084,0
571,1,20774,1.4751235159731004,-0.3018759715203908,1,0,1,1,1.2871094901518358,0
92,1,51798,0.508145276080784,-0.27647354356266723,1,0,1,1,-0.15257357864241336,1
360,1,26076,-0.36805866008037746,-0.27478111278735695,1,0,0,1,-0.2707495178398566,0
88,1,52907,-0.12170912630487853,-0.31174582332168943,1,0,0,0,-0.42269001109371224,1
845,1,16783,-0.516610476843333,-0.31684972619440194,1,0,1,0,-0.34203024307006047,0
331,1,27208,-0.7002793600132317,-0.25577852133061024,1,0,0,0,-0.3495334773048188,0
970,1,15559,-0.7273128752849917,-0.3029776481571494,1,0,1,1,-0.4086214469035404,1
7,1,160922,2.2923572840169424,-0.12617717534014192,1,0,1,1,-0.3692294671710593,0
533,1,21486,-0.4005253818528343,0.10108221628415176,1,0,1,0,0.8941275971063698,0
475,1,22887,0.016771380847029182,-0.1684666562854743,1,0,1,1,-0.4217521068143675,0
99,1,50357,0.47872645063798636,2.080313481642601,1,0,1,0,0.03219356438850983,0
399,1,24902,-0.3506989027244924,0.25092620521138975,1,0,1,1,1.6688365318451646,0
613,1,20197,-0.2209645328663894,-0.11677833021687777,1,0,1,1,-0.38142222280254157,1
461,1,23405,0.036781482837400535,-0.2787141516016787,1,0,1,1,1.1248520498251877,0
831,1,16904,-0.27489904617818506,-0.31829201782996513,1,0,1,1,-0.30826568901364815,0
161,1,40077,0.17473192106241098,-0.1840843861916004,1,0,1,1,-0.14038082301093113,0
983,1,15456,-0.3113412849023713,-0.07950759839455677,1,0,1,1,-0.4264416282110914,1
388,1,25137,-0.05120995902754369,-0.3151812449111951,0,0,0,0,-0.23041963382803074,0
408,1,24612,-0.6022166085372396,-0.08759188250680947,1,0,1,0,0.5302207367205922,1
725,1,18346,-0.5996987811344776,-0.06529224430382147,1,0,1,0,-0.3401544345113709,0
74,1,55163,1.345256628883273,0.5592147117856816,1,0,1,0,0.27042125134208594,0
365,1,25963,-0.5647142319592588,-0.30596601256072403,1,0,1,1,-0.39642869127205815,1
696,1,18774,-0.5851218856448032,-0.18134083881841653,1,0,0,0,-0.35516090298088754,1
500,1,22407,-0.597711022658613,-0.31311626648094226,1,0,0,1,-0.3983044998307478,0
147,1,41479,0.06527268765812795,-0.318901399351264,1,0,0,0,-0.3645399457743354,0
235,1,32210,-0.21009811986499569,-0.3162430057277813,1,0,1,0,-0.4029940212274717,0
730,1,18294,-0.40370579541421786,-0.11333492546333762,1,0,0,0,-0.3936149784340238,0
400,1,24875,-0.4545924123963543,0.00016437866957934517,1,0,1,0,-0.25386724081165046,1
936,1,15863,-0.21831418823190313,-0.30160720499789656,1,0,1,1,-0.40205611694812693,0
217,1,33819,-0.29941473404718305,-0.16931021061845128,1,0,1,1,0.14661788646857393,1
897,1,16250,0.21037905639625135,-0.21242195745933537,1,0,1,1,-0.13100178021748324,0
997,1,15259,-0.3481810753217304,0.3352709942903763,1,0,1,0,-0.4161246811382987,0
733,1,18261,-0.3848883485093653,-0.3021473990975632,1,0,1,1,-0.2932592205441315,1
198,1,36001,0.22482343465420151,-0.14810160483350923,1,0,0,0,-0.2510535279736161,0
19,1,109228,2.0000242708331064,-0.3102715990299883,1,0,0,1,-0.3148310189690616,1
908,1,16162,-0.5160804079164357,-0.16661988433883065,1,0,1,0,-0.020329075254798285,0
121,1,45922,2.052633611827659,0.010718121523165312,1,0,1,1,1.781385045366539,0
343,1,26704,-0.5743879898751337,-0.29311844057456343,1,0,1,1,-0.1113057903512427,0
616,1,20163,-0.5358254754433585,-0.27966680917646025,1,0,0,0,-0.1797728027434122,1
40,1,75740,-0.26827318459196936,-0.2218154804732432,1,0,0,0,0.1409904607925052,0
548,1,21222,-0.48109585874121696,1.5687310418755323,1,0,1,1,-0.30545197617561376,0
991,1,15360,-0.6194438486614003,-0.31414609464139054,1,0,0,1,-0.4180004896969883,0
77,1,54892,1.8529301436191183,-0.23698615319343827,0,0,1,1,-0.35797461581892187,0
460,1,23410,-0.45644765364049467,0.19687752364326452,1,0,0,0,-0.12162273742403537,1
267,0,30719,0.09257123739333656,0.8413317456002614,1,0,0,0,-0.17133166422930912,0
975,1,15508,-0.6377312266393557,-0.2767556153585523,1,0,1,0,-0.07003800206007203,0
875,1,16468,-0.29451159647338343,-0.31886148353109156,1,0,1,1,-0.42269001109371224,0
663,1,19601,-0.24786553090642505,4.132792938072106,1,0,1,1,-0.26605999644313266,1
919,1,16013,-0.23686660067330703,-0.15351152899421028,1,0,1,1,-0.2510535279736161,0
409,1,24609,-0.23050577355053997,0.34113063669168653,1,0,1,0,-0.39642869127205815,1
427,1,24205,-0.07811095706757935,-0.3165543491251261,1,0,1,1,-0.3954907869927134,1
643,1,19807,-0.48268606552190874,-0.14858857783961268,1,0,0,0,0.15599692926202183,0
33,1,86174,0.8746879390302353,0.37758974683716845,1,0,1,1,6.292704629014968,0
487,1,22615,-0.30034235466925324,-0.2677559284370123,1,0,1,1,-0.26137047504640876,1
212,1,33944,-0.5252240969054134,-0.1479951626463828,1,0,0,0,-0.3542229987015427,1
391,1,25041,-0.39045407224178647,-0.3064316971294022,1,0,1,0,-0.366415754333025,1
617,1,20159,0.09654675434506596,-0.2258602835840477,1,0,0,1,-0.38329803136123114,1
608,1,20235,-0.6582713975566242,-0.26866867019162144,1,0,1,1,-0.12443645026206973,0
194,1,36308,-0.4019830714018018,-0.20419929850381832,1,0,1,1,-0.07847914057417513,0
484,1,22654,-0.29133118291199994,-0.2847174909556096,1,0,1,0,0.10910171529478242,0
719,1,18447,-0.38117786602108455,-0.2833736583431384,1,0,1,1,-0.379546414243852,0
586,1,20608,-0.5398009923950879,-0.31400505874344803,1,0,1,0,-0.2960729333821659,1
559,1,20995,-0.45830289488463505,-0.3187630245079996,1,0,1,1,-0.3410923387907157,0
156,0,40489,0.31360997990949163,-0.30977398180517224,1,0,1,1,-0.08692027908827822,1
44,1,71395,0.44745238395104836,3.4577365873162593,1,0,1,1,4.497555838349045,0
808,1,17180,-0.26827318459196936,-0.22227318187788686,1,0,1,1,-0.13100178021748324,0
783,1,17558,-0.5105146841840146,0.6372315128400017,1,0,1,1,-0.42081420253502266,1
921,1,15994,-0.5256216486005864,-0.3100666978197699,1,0,1,0,-0.32889958315923346,0
579,1,20685,-0.45353227454255973,0.30132391976107825,1,0,1,1,0.6127563133029336,0
239,1,32099,0.0900534099905746,0.1902169037838279,1,0,1,1,-0.36829156289171455,1
824,1,16970,-0.7459978049581198,-0.1819901361598878,1,0,1,0,-0.35234719014285315,0
478,1,22844,-0.5567631980558,-0.31725154545080425,1,0,1,1,-0.3110794018516825,1
963,1,15624,-0.28457280409405994,-0.28385530923988544,1,0,1,1,-0.3504713815841636,0
319,1,27777,-0.04710192484408997,-0.24817056600574836,1,0,1,1,-0.33640281739399175,1
721,1,18436,-0.6340207441510749,-0.23686640573292103,1,0,1,1,-0.23886077234213385,1
607,1,20252,-0.6226242622227839,-0.29407642025870134,1,0,1,1,-0.348595573025474,0
909,1,16157,-0.7010744634035775,-0.2006175189070138,1,0,1,0,-0.28200436919199406,1
397,1,24908,-0.3870086242169543,0.22025755004558584,1,0,0,0,1.2130150520835976,0
834,1,16869,-0.3772023490693551,-0.19626137239886446,1,0,0,0,-0.38142222280254157,0
358,1,26189,-0.23315611818502624,-0.10989950387383195,1,0,1,0,2.435104328069856,0
856,1,16681,-0.48984199603502165,-0.3162829215479537,1,0,0,0,-0.3560988072602323,0
698,1,18757,-0.5624614390199455,-0.3107984878562642,1,0,0,1,-0.4039319255068165,1
158,1,40094,0.6959221934341363,-0.042657313211385196,1,0,1,1,0.14286626935119479,0
805,1,17281,-0.2652252882623101,-0.31469959401444797,1,0,1,1,-0.4114351597415748,1
421,1,24281,0.13033864843476592,-0.3078260897807585,1,0,1,1,-0.1431945358489655,0
599,1,20401,-0.13787622857524479,0.7662926647308034,1,0,0,0,0.27604867701815466,0
757,1,17936,-0.7080978766849662,-0.3172728338882295,1,0,0,0,-0.3823601270818864,0
583,1,20615,-0.44571375787082523,-0.2456585303895645,1,0,1,1,-0.41424887257960913,0
516,1,21911,-0.17564363961667415,-0.14659278683099203,1,0,1,1,-0.08973399192631258,0
753,1,17964,-0.610432676904147,0.09515072540653122,1,0,1,1,-0.09442351332303651,0
310,1,28148,-0.37614221121556063,0.2121439943318734,1,0,0,0,-0.11693321602731142,0
598,1,20403,-0.6778839478518227,-0.17381271513389945,1,0,1,0,-0.3945528827133686,0
651,1,19702,-0.33837480017413124,-0.31761877099639046,1,0,1,0,-0.39924240411009254,0
964,1,15616,-0.34592828238241713,0.10967210078525502,1,0,0,1,0.2929309540463608,0
371,1,25698,-0.16371708876148594,-0.30877076419150556,1,0,0,0,-0.3195205403657856,1
976,1,15499,-0.6969664292201239,-0.3140742461650802,1,0,1,1,-0.42362791537305705,0
666,1,19537,-0.6338882269193505,-0.2996593129734828,1,0,1,0,-0.3936149784340238,1
714,1,18491,-0.6762937410711309,-0.10476100729030333,1,0,0,0,-0.24355029373885778,0
192,1,36633,-0.6091075045869039,-0.23678923514725436,1,0,1,1,-0.28481808203002845,0
9,1,150317,8.94273455810162,0.1698145975663686,1,0,1,0,-0.06347267210465853,1
288,1,29523,-0.3863460380583328,-0.29915371258463225,1,0,1,0,-0.30076245477888985,0
293,1,29218,-0.5289345793936941,-0.23343896730744984,1,0,1,1,-0.3983044998307478,0
804,1,17281,-0.36964886686106924,-0.19326768588593352,1,1,0,0,1.605059040849719,0
28,1,95139,-0.12740736726902402,-0.14922723096237128,1,0,1,0,3.4658611310697776,1
382,1,25287,-0.45167703329841935,-0.276965838678127,1,0,1,1,-0.28200436919199406,0
283,1,29712,-0.30749828518236616,-0.2970355130608162,1,0,1,1,-0.3945528827133686,1
55,0,65337,1.9789540309889406,-0.29204337448458645,1,0,0,0,-0.3983044998307478,0
472,1,22907,-0.2090379820112012,-0.31878165189074675,1,0,1,1,-0.3936149784340238,0
684,1,19011,-0.6452847088476416,-0.3062933222861378,1,0,1,1,-0.23698496378344425,1
700,1,18726,-0.43710013780874485,-0.18860551808979567,1,0,0,1,-0.40674563834485084,0
567,1,20832,0.19421195412588507,-0.3117750949231492,1,0,1,1,0.03594518150588898,1
290,1,29351,0.4980739664697361,-0.19400745908646222,1,0,0,0,-0.3560988072602323,1
100,1,50217,0.8565330782840044,-0.31109386492554003,1,0,0,0,-0.4255037239317466,1
102,1,49607,2.0301056824345256,-0.16613823344208353,1,0,1,1,-0.40018030838943736,0
888,0,16319,0.40570945595788954,0.7111875444554483,1,0,0,0,0.09409524682526582,0
155,1,40577,0.5243123783511502,2.0006175550863614,1,0,1,1,-0.42362791537305705,0
89,1,52361,0.06699541167054403,-0.31764538154317207,1,0,1,1,-0.39080126559598943,0
54,1,65622,0.7201728468396857,-0.057327707652086016,1,0,1,1,4.89053773139451,1
860,1,16635,-0.4726147559108609,-0.3047791821742643,1,0,1,1,-0.15913890859782687,1
151,1,40891,-0.0033712383750664847,-0.3173420213098617,1,0,0,1,-0.4245658196524018,0
43,1,71761,2.9402340299171112,1.288593832741504,1,0,1,1,0.19351310043581332,1
584,1,20613,-0.49726296101158324,-0.28079243530532233,1,0,1,1,-0.3898633613166447,0
447,1,23742,-0.39085162393695944,0.04746728662856678,1,0,1,0,-0.20415831400637668,1
280,1,29891,0.07468141111055422,-0.3093109582911722,1,0,1,1,-0.3495334773048188,0
799,1,17334,-0.2629724953229968,-0.23401375511793257,1,0,1,1,0.048137937137371224,0
62,1,59601,2.9836996819226864,-0.04737004104640808,1,0,1,1,0.01531128736030365,0
853,1,16706,-0.6170585384903627,-0.26942174866554097,1,0,0,1,-0.30076245477888985,1
773,1,17692,-0.35918000555484847,-0.2797253523793798,1,0,0,0,-0.40486982978616126,0
781,1,17584,-0.22706032552570782,-0.26192555763716185,1,0,1,1,-0.27731484779527016,1
115,0,47357,-0.12237171246350009,-0.3073417778293332,1,0,0,0,-0.41331096830026437,1
123,1,45565,0.3379931505467653,-0.2532318920036103,1,0,1,1,-0.3251479660418543,0
840,1,16809,-0.5107797186474632,-0.28252478190080504,1,0,1,1,0.2488494529171558,0
165,1,39639,-0.13535840117248282,-0.31477942565479283,1,0,1,1,-0.15163567436306857,1
794,1,17392,-0.6499228119579925,-0.3145213033510112,1,0,1,1,-0.35328509442219796,0
998,1,15256,-0.6301777444310698,-0.3145213033510112,1,0,1,1,-0.4255037239317466,0
945,1,15745,-0.7277104269801645,-0.06105318420151122,1,0,1,0,-0.33171329599726784,0
735,0,18200,-0.3643481775920967,-0.22591084362293276,1,1,0,1,-0.25292933653230565,0
195,1,36291,0.1162918218719887,-0.3076744096641033,1,0,1,1,-0.3711052757297489,1
401,0,24864,0.3134774626777673,0.3871189836396625,1,0,0,0,-0.42362791537305705,0
766,1,17781,-0.6717881551925042,-0.11992103579178574,1,0,0,0,-0.4086214469035404,0
76,1,55085,1.8490871438991132,1.8790738826613642,1,0,1,0,2.6714562064647422,0
445,1,23758,-0.5898925059868785,-0.2716437293218053,1,0,0,1,-0.4180004896969883,1
922,0,15986,-0.6834496715842439,-0.3181456598226663,1,0,0,0,-0.3954907869927134,0
664,1,19584,-0.2886808382775136,-0.2905984217943451,0,0,0,0,0.17756872768695192,0
247,1,31507,-0.4005253818528343,-0.2233721974599673,1,0,1,1,0.3567084450418064,0
95,1,50882,-0.3536142818224273,-0.30302820819603443,1,0,1,0,-0.29138341198544193,0
380,1,25368,0.11138868429818909,-0.25423510961727697,1,0,1,1,-0.348595573025474,1
159,1,40088,-0.12979267744006165,-0.31717171381045944,1,0,1,1,-0.4245658196524018,0
819,1,17015,-0.3952246925838618,-0.2950663325989772,1,0,1,1,-0.31389311468971687,1
229,1,32810,-0.5655093353496047,-0.2890230774248739,1,0,0,1,-0.13100178021748324,0
386,1,25169,-0.3871411414486786,-0.313079011715448,1,0,0,0,-0.2829422734713389,0
476,1,22886,-0.43497986210115586,-0.24394215012215073,1,0,1,1,0.3482673065277033,0
166,1,39367,-0.3726967631907285,-0.19138365917379563,1,0,1,1,-0.2801285606333045,1
330,1,27330,1.0449725817959783,-0.12490519120398104,1,0,0,1,-0.2651220921637879,1
767,1,17774,-0.4849388584612221,-0.31781568904257435,1,0,1,0,-0.1657042385532404,0
580,1,20666,-0.23792673852710153,-0.13416300042930265,1,0,1,0,-0.379546414243852,1
717,1,18456,-0.5217786488805812,-0.3052555109616551,1,0,0,1,-0.366415754333025,0
701,1,18719,-0.6448871571524686,-0.31324133605081583,1,0,0,0,-0.32983748743857827,0
32,1,88100,2.1147841935063623,-0.2737140298614144,1,0,1,0,0.6615273358288625,1
93,1,51456,0.6618652648809877,-0.25506535867686314,1,0,1,1,-0.3401544345113709,0
681,0,19053,-0.5019010641219342,-0.31698277892831,1,0,1,0,-0.4217521068143675,0
167,1,39156,-0.1487426415766385,-0.1387559808038083,1,0,1,0,0.2741728684594651,0
206,1,35232,0.6411925767319948,0.21325631518734461,1,0,1,0,-0.4170625854176435,1
312,1,28076,0.03625141391050328,-0.18507163747719807,1,0,0,0,-0.379546414243852,1
485,1,22647,-0.3116063193658199,-0.29850175418848285,1,0,1,1,-0.36829156289171455,0
311,1,28132,-0.14569474524697928,-0.19753867864438168,1,0,0,1,0.04532422429933686,0
626,1,20076,-0.5775684034365173,-0.23719903756769112,1,0,0,1,-0.26137047504640876,1
674,1,19367,-0.7326135645539642,-0.3105110939510228,1,0,1,1,-0.41237306402091956,0
497,1,22476,-0.5798211963758306,-0.11067387078517676,1,0,1,1,-0.09817513044041568,1
260,1,31055,-0.5506674053964816,-0.2610979696322538,1,0,1,1,-0.23979867662147863,1
729,1,18303,-0.7061101182091014,-0.1863409605586808,1,0,0,0,-0.40205611694812693,0
569,1,20825,-0.5019010641219342,-0.29317964483216113,1,0,0,0,-0.4011182126687821,0
446,1,23753,-0.3411576620403418,-0.3165889428359422,1,0,0,0,-0.4011182126687821,0
876,1,16462,-0.7080978766849662,-0.3170093894750916,1,0,0,0,-0.42362791537305705,0
812,1,17118,-0.4755301350087958,1.2610226452210795,1,0,1,0,-0.4058077340655061,1
920,1,16001,-0.3626254535796806,-0.2288326816595534,1,0,1,0,-0.3382786259526813,0
211,1,34855,-0.48957696157157304,-0.28601874669323024,1,0,0,0,-0.01470164957872956,0
615,1,20170,-0.6838472232794167,-0.31103266066794233,1,0,0,0,-0.3983044998307478,0
238,0,32146,0.28273346491772655,-0.29002097292918416,1,0,1,1,-0.3739189885677833,1
525,1,21621,0.3366679782295222,-0.002459421243087262,1,0,1,0,0.46831905428383613,0
458,1,23444,-0.6027466774641369,-0.29575554576062085,1,0,1,1,-0.36547785005368016,0
274,1,30331,0.0989320645161036,0.24917257017848174,1,0,1,0,2.094645074667698,0
907,1,16171,-0.26071970238368347,-0.3181456598226663,0,0,0,0,-0.41987629825567785,0
639,1,19843,-0.40688620897560135,-0.31745378560634446,1,1,1,0,-0.3711052757297489,0
35,1,84730,0.29823798102947124,-0.3106255193021837,1,0,1,0,-0.2182268781965485,0
846,1,16771,-0.41165682931767666,1.1559588844179325,1,0,1,1,-0.01470164957872956,0
786,1,17535,-0.56352157687374,-0.3115994653143906,1,0,1,1,-0.34484395590809486,1
820,1,17014,-0.5806162997661765,-0.29751450290288517,1,0,1,1,-0.38892545703729986,0
179,1,38034,-0.08765219775172993,-0.31693487994410313,1,0,1,1,-0.366415754333025,0
1,0,257107,2.0314308547517688,0.16886726210094333,1,0,0,0,15.339729307574792,0
490,1,22597,-0.2160613952925898,-0.29679601813978174,1,0,1,0,-0.0006330853885577424,1
690,1,18891,-0.6426343642131552,-0.312267390038609,1,0,1,1,-0.2491777194149265,0
453,1,23555,-0.03756068415993939,-0.28009523897964417,1,0,1,1,-0.361726232936301,0
325,1,27420,0.46322193452624166,-0.15535031777681943,1,0,1,0,-0.26324628360509833,0
942,1,15808,-0.5333076480405965,-0.3169641515455629,1,0,0,1,-0.348595573025474,0
31,1,89608,0.5228546888021828,-0.31228069531199976,1,0,1,0,-0.242612389459513,0
85,1,53522,0.49303831166421225,-0.2790015455069201,1,0,1,0,-0.23698496378344425,1
135,1,43564,-0.30047487190097755,-0.06284141294523532,1,0,1,1,-0.06816219350138246,1
711,1,18524,-0.37561214228866335,-0.31587844123687325,1,0,1,1,-0.39642869127205815,1
412,1,24556,0.16929871456171414,-0.29018063620987383,1,0,1,0,-0.41518677685895394,0
965,1,15607,-0.6985566360008156,-0.2175524708788295,1,0,0,0,-0.41237306402091956,1
225,1,33153,0.564332582331893,-0.3028525785872758,1,0,0,1,-0.3701673714504041,0
214,1,33866,-0.1447671246249091,-0.30743225368839067,1,0,1,1,-0.3251479660418543,0
196,1,36192,0.7693367398094061,-0.2269007559632086,1,0,1,1,-0.3410923387907157,0
656,1,19681,-0.1438395040028389,2.2930781084349525,1,0,1,1,0.07721296979705965,1
18,0,112488,4.148791183242851,8.39496696131686,1,0,1,0,-0.12256064170338016,0
984,1,15431,-0.14993529666215732,-0.017497041229374278,1,0,1,1,-0.29232131626478675,0
145,1,42078,0.03187834526360093,-0.3098325250080918,1,0,1,0,-0.42269001109371224,0
162,1,39821,-0.163319537066313,-0.07557722063491319,1,0,0,0,0.4092310846851145,0
677,1,19233,-0.26946583967748816,-0.31559903049566634,1,0,1,1,-0.2754390392365806,0
577,1,20716,-0.25356377187057055,-0.2906676092159773,1,0,1,1,0.050951649975405584,0
301,1,28907,-0.3100161125851281,1.8032790622633086,1,0,1,1,0.29386885832570564,1
152,1,40698,0.4254545234848123,-0.2623273768935641,0,0,1,1,0.3332608380581867,0
789,1,17452,0.37827838899095667,0.040926414229647386,1,0,1,1,-0.40674563834485084,1
72,1,55375,0.25265205331630736,1.3928912097973407,1,0,1,0,6.488726623398029,0
455,1,23524,-0.5197908904047166,-0.30811880579535617,1,0,1,1,-0.3748568928471281,0
742,1,18137,-0.3369171106251638,-0.17582447247058908,1,0,0,0,-0.3861117441992655,1
224,1,33332,-0.20386980997395296,-0.3106760793410688,1,0,1,1,-0.38329803136123114,0
990,1,15361,-0.5448366472006119,-0.22623017018431207,1,0,1,1,-0.40674563834485084,0
806,1,17267,-0.7140611521125603,-0.3125920387093446,1,0,0,0,-0.3326512002766126,0
126,1,44578,1.0535862018580586,0.2317772557473442,1,0,1,1,-0.33640281739399175,1
266,1,30750,-0.14914019327181144,-0.18332066349896822,0,0,1,0,0.20945747318467473,1
200,0,35772,-0.1019640587779558,-0.3129725695283216,1,0,0,0,-0.39736659555140297,1
741,1,18142,0.24350836432732972,-0.17676382477197985,1,0,1,1,-0.34390605162875004,0
138,1,42958,3.174657012837422,0.1272350616611167,1,0,1,1,0.7421871038525142,1
957,1,15653,0.6136289925333376,-0.02181327191735119,1,0,1,1,-0.26793580500182224,1
927,1,15907,0.051888447253972285,-0.2534953364167482,1,0,1,1,-0.40018030838943736,0
207,0,35117,0.1952720919796796,-0.31707591584204564,1,0,0,0,-0.4245658196524018,0
854,1,16705,0.3705923895509465,-0.3043480913164022,1,0,1,1,-0.39173916987533425,1
340,1,26826,-0.044981649136500955,-0.30944667207975846,1,0,1,0,0.7825169878643401,0
881,1,16375,-0.18531739753254906,-0.19965953922287588,1,0,1,1,-0.41987629825567785,0
869,1,16557,-0.4541948607011813,0.17100675006218466,1,0,1,1,-0.2182268781965485,0
65,1,58133,-0.10514447233933932,-0.31161010953310325,1,0,1,1,-0.392677074154679,0
273,1,30398,-0.47327734206948247,-0.2986055353209311,1,0,1,1,-0.15163567436306857,1
802,1,17289,-0.5901575404503271,0.08843156234417504,1,0,1,1,-0.37673270140581766,1
431,1,24108,-0.23421625603882076,-0.318752380289287,1,0,1,1,-0.11974692886534578,0
985,1,15426,0.16081761173135806,0.06431442379600318,1,0,1,1,-0.30732778473430333,0
795,1,17377,-0.5848568511813546,-0.2646797492290583,1,0,1,1,0.030317755829820252,0
822,1,16981,-0.5708100246185773,-0.15993797604196874,1,0,0,1,-0.2416744851801682,1
521,1,21670,-0.10169902431450717,-0.30451839881580456,1,0,0,1,-0.3035761676169242,1
396,1,24910,-0.21155580941396313,-0.2817025160052533,1,0,1,1,-0.39080126559598943,1
987,1,15386,-0.5399335096268122,-0.2501876454517943,1,0,0,0,-0.01470164957872956,0
353,1,26280,0.38198887147923744,-0.27233294248344897,1,0,1,0,-0.361726232936301,1
313,1,28068,0.2640485352445983,-0.3183292725954594,1,0,1,1,0.3191922738680149,0
350,1,26418,-0.1019640587779558,-0.29157768991590827,1,0,1,1,-0.4039319255068165,0
376,1,25539,-0.523368855661273,-0.31054834871651704,1,0,0,0,-0.3589125200982667,0
883,1,16338,-0.5333076480405965,-0.28987993703124165,1,0,0,1,-0.4189383939763331,1
356,1,26196,-0.293053906924416,-0.06694742031363753,1,0,0,0,-0.3645399457743354,1
685,0,18990,0.539419342767722,0.012626097727406648,1,0,1,0,0.4092310846851145,0
768,1,17770,-0.5567631980558,-0.31052706027909177,1,0,0,1,-0.41424887257960913,1
759,0,17898,-0.08871233560552444,0.30895050246868727,1,0,0,0,-0.42362791537305705,0
327,1,27397,0.06301989471881463,-0.31623768361842497,1,0,1,1,-0.2782527520746149,0
775,1,17655,-0.41470472564733585,-0.2824343060417476,1,0,1,1,-0.38423593564057595,0
271,1,30603,0.8139950469004997,-0.31366976585399975,1,0,1,1,-0.4011182126687821,0
732,1,18268,0.41737097234962917,0.37361945325735246,1,0,0,0,-0.3936149784340238,0
912,1,16116,-0.11905878167039224,0.19021158167447158,1,0,0,1,0.058454884210163885,0
708,1,18561,-0.355602040298292,-0.2442508324648174,1,0,1,0,-0.29794874194085547,0
655,1,19685,-0.5966508848048184,-0.3036375897173333,1,0,1,1,-0.4086214469035404,0
669,1,19443,-0.6390563989565988,-0.3005826989468046,1,0,1,1,0.2028921432292612,1
720,1,18444,-0.5400660268585366,-0.23360395269749581,1,0,0,0,-0.17039375994996434,0
324,1,27440,-0.024043926524059404,-0.2945820206475519,1,0,0,0,-0.3542229987015427,0
440,1,23814,-0.57703833450962,-0.040568385289028924,1,0,1,0,-0.3514092858635084,1
646,1,19748,-0.18651005261806786,-0.19979259195678392,1,0,1,1,0.5058352254576277,0
231,1,32635,-0.5655093353496047,-0.2594427936224378,1,0,0,1,-0.41518677685895394,0
374,0,25629,-0.08195395678758445,1.8497490601080315,0,0,1,1,-0.3260858703211991,0
118,1,46571,1.5188542024421239,0.20376965525970117,1,0,1,1,1.591928380938892,0
539,1,21447,-0.12396191924419185,-0.3166315197107928,1,0,1,1,-0.2097857396824454,0
486,1,22633,0.1572396464748016,-0.1453314469135438,1,0,0,0,-0.039087160841694044,1
326,1,27406,-0.47473503161844993,0.11941422196200192,1,0,1,1,0.19914052611188204,0
738,1,18159,-0.31505176739065205,-0.12230534078341787,1,0,1,1,-0.08504447052958865,0
811,1,17125,-0.5240314418198946,-0.3179833354872985,1,0,0,0,-0.3851738399199207,0
68,1,56208,-0.46320603245843467,-0.0866312417679934,1,0,1,1,-0.17602118562603306,0
868,1,16558,-0.22334984303742705,-0.3060112504902528,1,0,1,0,-0.3345270088353022,0
645,1,19765,-0.554642922348211,-0.3172355791227353,1,0,1,1,-0.4245658196524018,0
644,1,19791,-0.227987946147778,-0.20551385951482978,1,0,1,0,-0.049404107914486704,0
944,1,15750,-0.2599245989933376,-0.2788498653902649,1,0,1,0,-0.0737896191774512,0
141,1,42432,-0.10832488590072285,-0.09621369966405065,1,0,1,1,-0.3026382633375794,0
456,1,23505,-0.4466413784928954,-0.12828739169992348,1,0,0,0,-0.3692294671710593,0
279,1,29916,-0.5036237881343503,-0.31851820747760884,1,0,1,1,-0.30076245477888985,0
171,1,38685,1.3778558678874542,-0.013957838507420333,1,0,1,0,-0.37860850996450723,0
98,1,50403,0.24774891574250776,-0.3181855756428387,1,0,1,1,-0.32139634892447516,0
774,1,17660,-0.5522576121771734,-0.278173957502012,1,0,1,1,-0.23135753810737553,0
971,1,15551,-0.03623551184269626,-0.29921491684222995,1,0,1,0,-0.40486982978616126,0
817,0,17047,-0.0024436177529962894,0.4656813009030056,1,0,1,0,0.00687014884620056,0
699,1,18734,-0.13204547037937497,-0.2878575354758394,1,0,1,1,-0.4245658196524018,1
390,1,25064,-0.010527168888179419,-0.3178795543548502,1,0,1,1,-0.4086214469035404,1
69,0,56080,0.3998786977620198,1.4810253407380285,1,0,0,0,-0.0953614176023813,0
943,0,15750,-0.41139179485422805,-0.21248316171693307,0,1,1,1,-0.14131872729027592,0
494,1,22517,0.20547591882245173,-0.29393804541543694,0,0,0,0,-0.26324628360509833,1
359,1,26089,0.1465057507051322,-0.31602746029885026,1,0,1,1,-0.3898633613166447,1
931,1,15882,-0.6968339119883995,-0.3076158664611838,1,0,1,1,-0.25855676220837437,0
418,1,24396,-0.08791723221517855,-0.3072433188062413,1,0,1,0,-0.12537435454141452,0
815,1,17087,-0.688617843621492,-0.30692399224486194,1,0,1,1,-0.2857559863093732,0
862,1,16620,-0.4374976895039178,-0.20524509299233554,1,0,0,1,-0.35797461581892187,0
236,1,32184,0.1779123346237945,-0.2796801144498511,1,0,1,1,-0.24355029373885778,0
989,1,15361,-0.6939185328904646,-0.3131641654651492,1,0,1,1,-0.39080126559598943,0
531,1,21546,-0.21195336110913607,-0.29313706795731054,1,0,1,1,-0.0653484806633481,1
241,1,31781,-0.10090392092416128,-0.16757786402296856,0,0,0,1,-0.0719138106187616,0
933,1,15875,-0.2894759416678595,-0.31379749647855143,1,0,0,0,-0.33640281739399175,0
951,1,15694,-0.6242144690034757,-0.310580281372655,1,0,1,1,-0.2810664649126493,1
894,1,16262,-0.7348663574932776,-0.31538614612141347,1,0,1,0,-0.3701673714504041,0
652,1,19702,-0.5082618912447012,-0.31623236150906864,1,0,0,1,-0.4095593511828852,0
961,1,15631,-0.2531662201753976,-0.31887744985916056,1,0,1,1,-0.4095593511828852,0
587,1,20605,-0.4376302067356421,4.049773354222843,1,0,1,1,3.6168637200442886,0
347,1,26566,-0.3275083871727375,0.026423666233670703,1,0,1,1,0.6202595475376919,0
528,1,21598,-0.5350303720530126,-0.290579794411598,1,0,1,1,-0.21541316535851415,1
952,1,15690,-0.3622279018845077,-0.3045503314719425,1,0,1,1,-0.3945528827133686,0
42,1,73483,1.7617582881927907,0.4647579149296837,1,0,1,0,1.7879503753219526,0
154,1,40635,-0.5425838542612985,-0.3182946788846433,1,0,1,1,-0.35516090298088754,0
186,1,37113,0.1719490591962004,-0.3156283020971261,1,0,1,0,-0.37673270140581766,1
248,1,31495,-0.5021660985853829,-0.29207796819540255,1,0,1,1,0.39141090337756357,0
596,1,20451,-0.17564363961667415,-0.2993692580135633,1,0,1,1,-0.3983044998307478,1
492,1,22571,-0.5476195090668224,-0.3117937223058963,1,0,1,1,-0.41518677685895394,0
891,1,16299,-0.6694028450214666,-0.3185261906416433,1,0,0,0,-0.42269001109371224,0
522,1,21656,-0.40701872620732565,-0.2640889950905066,1,0,1,1,-0.2716874221192014,0
826,1,16939,-0.6798717063276873,-0.2867904525498969,1,0,1,1,0.033131468667854616,0
101,1,50103,0.8904574896054287,-0.10972387426507334,1,0,1,1,1.3818378223656596,1
603,1,20330,-0.48109585874121696,-0.22542387061682934,1,0,1,1,0.3857834777014948,1
67,1,56381,1.2654812553852364,-0.27706961981057526,1,0,1,1,0.1813203448043311,1
723,1,18406,-0.7190968069180842,-0.2848425605254831,1,0,1,1,-0.39080126559598943,0
747,1,18038,-0.4624109290680888,-0.21981702840994438,1,0,1,0,0.15412112070333223,0
125,1,44692,0.19103154056450156,0.024105887608992595,1,0,1,1,-0.41518677685895394,1
477,1,22881,0.8196932878646452,-0.04939510365648849,1,0,1,1,-0.304514071896269,0
176,1,38132,0.1144365806278483,-0.3045157377611264,1,0,0,1,-0.28388017775068364,1
482,1,22678,-0.38422576235074374,-0.13332476820568198,1,0,1,1,-0.13662920589355196,1
718,1,18453,-0.3124014227561658,-0.10059911777365975,1,0,1,0,-0.3279616788798887,0
261,1,31054,-0.17643874300702003,-0.3163840416257238,1,0,1,0,-0.3185826360864408,0
451,1,23613,0.17221409365964901,1.5818074645640148,1,0,1,1,-0.42081420253502266,0
415,1,24452,-0.1126979545476252,-0.31680182721019506,1,0,1,1,-0.3251479660418543,0
216,1,33820,-0.20413484443740157,0.22266580452932141,1,0,0,0,3.380511841649402,0
662,1,19608,-0.043656476819257814,-0.27333083798775926,1,0,1,1,-0.003446798226592106,0
425,1,24237,-0.21460370574362234,-0.29251970327197724,1,0,1,1,-0.4029940212274717,1
752,1,17971,-0.3681911773121018,-0.2721998897495409,1,0,1,1,-0.4217521068143675,0
705,1,18644,-0.1973764656194616,-0.24297618727397835,1,0,1,1,-0.24636400657689214,1
174,1,38411,-0.5363555443702558,-0.25241760927209306,1,0,1,1,0.18976148331843418,0
433,1,24084,0.6997651931541414,1.144175734303036,1,0,1,1,0.04907584141671601,1
368,1,25839,-0.37852752138659823,-0.2923121410070807,1,1,1,0,-0.1957171754922736,0
237,1,32161,-0.42888406944183743,-0.2668671361745065,1,0,1,1,-0.19102765409554967,1
813,1,17116,-0.6099026079772498,-0.2937038726037588,1,0,1,0,-0.3636020414949906,0
706,1,18590,-0.4969979265481346,-0.08733908231238419,1,0,1,0,-0.08973399192631258,0
896,1,16253,-0.5494747503109628,-0.31735532658325255,1,0,1,1,-0.37673270140581766,0
284,1,29699,-0.13443078055041263,-0.11905087091202714,1,0,0,1,0.14755579074791872,0
523,1,21655,-0.5517275432502762,-0.315378162957379,1,0,1,1,-0.1328775887761728,0
48,1,70061,5.071111116044073,1.242586858410781,1,0,1,1,0.6849749428124822,0
184,1,37311,-0.3134615606099603,0.18383569466559815,1,0,1,1,-0.3270237746005439,0
252,1,31342,-0.554642922348211,0.6426680475474843,1,0,0,0,0.8988171185030938,1
631,1,19993,-0.6916657399511513,-0.2561005089466677,1,0,1,1,-0.24448819801820257,0
178,0,38113,2.0621748525118098,0.11574196650613994,1,0,0,0,-0.3645399457743354,0
480,1,22803,0.3770857339054378,-0.19364023354087603,1,0,1,1,-0.3945528827133686,1
865,1,16579,-0.2962343204857995,-0.12575938975567066,1,0,1,1,-0.2857559863093732,1
704,1,18705,-0.702929704647718,-0.29412964135226455,0,0,1,0,-0.2857559863093732,1
296,1,29112,-0.22507256704984313,-0.29524462326241396,1,0,1,1,-0.41049725546223,1
778,1,17618,-0.5264167519909322,-0.09100069354953352,0,0,0,0,-0.31295521041037205,0
116,1,47344,-0.23699911790503134,-0.3191595216550456,1,0,1,1,3.2069995499706163,0
709,1,18553,-0.684377292206314,-0.30048157886903454,1,0,0,0,-0.42269001109371224,1
791,1,17404,-0.6354784337000423,-0.2949279577557128,1,0,1,0,-0.4058077340655061,0
818,1,17035,0.0978719266623091,-0.058219160969269906,1,0,1,1,-0.41049725546223,0
318,1,27792,0.40146890454271156,0.3210795896917445,1,0,0,1,-0.4170625854176435,1
282,1,29830,0.5406119978532408,0.10652939521034704,1,0,1,0,-0.39642869127205815,1
726,1,18337,-0.5710750590820259,-0.18317696654634752,1,0,1,0,0.3679632963939439,1
164,1,39749,-0.42027044937975705,-0.12760083959295798,1,0,1,1,0.3501431150863929,0
435,1,23960,-0.4314018968445994,-0.309340229892632,1,0,0,1,-0.35234719014285315,0
203,1,35402,0.5277578263759823,-0.31440953905452845,1,0,1,0,-0.35797461581892187,0
173,1,38463,-0.3856834518997112,-0.010509111644523861,1,0,1,1,-0.1666421428325852,0
457,1,23453,-0.26310501255472113,-0.12162411078580869,1,0,1,1,0.3623358707178751,1
541,1,21416,1.1096409908774434,9.23092664424238,1,0,0,1,3.3842634587667813,0
345,1,26653,-0.49938323671917223,-0.3160700371737008,1,0,1,1,-0.37579479712647285,0
2,1,189256,4.816545513901667,-0.2904227921855865,1,0,0,1,-0.39642869127205815,1
185,1,37304,0.29147960221153124,-0.17246622146675006,1,0,0,0,-0.4039319255068165,0
479,1,22830,-0.4450511717122037,-0.276651834226104,1,0,0,0,-0.3851738399199207,0
558,1,20998,-0.3155818363175493,0.2763499216065386,1,0,0,0,0.712174166913481,0
621,1,20141,-0.6113602975262172,-0.30599794521686197,1,0,0,0,-0.3514092858635084,0
8,1,156124,10.441902000598779,1.561500956314969,1,0,1,0,3.310169020698543,0
622,1,20139,-0.3646132120555453,-0.2906569649972646,1,0,1,0,-0.13756711017289674,0
392,1,25027,-0.45114696437152213,-0.3051996288134137,1,0,1,1,-0.14038082301093113,1
890,1,16304,-0.418150173672168,-0.16608501234852033,1,0,1,1,-0.09629932188172609,1
63,1,59056,-0.19512367268014824,-0.280241596986943,1,0,1,1,-0.3335891045559574,0
364,1,25966,-0.05266764857651114,-0.30016757441701153,1,0,1,1,-0.3804843185231968,1
442,1,23798,-0.4842762723026005,-0.29500778939605765,1,0,0,0,-0.29794874194085547,1
372,1,25677,0.061694722401571485,-0.29458734275690823,1,0,1,1,-0.38892545703729986,1
722,1,18412,-0.6674150865456019,-0.3041378679968275,1,0,1,1,-0.16195262143586123,1
351,1,26386,-0.12356436754901891,0.6492621410399669,1,0,1,1,-0.4264416282110914,0
339,1,26866,0.28366108553979674,-0.31741919189552836,1,0,1,1,-0.3270237746005439,0
973,1,15528,-0.5184657180874734,-0.0924296799117059,1,0,0,0,-0.0578452464285898,1
402,1,24740,-0.7189642896863598,-0.28627154688765555,1,0,0,0,-0.2801285606333045,0
958,1,15653,-0.5555705429702812,-0.31825476306447087,1,0,1,1,-0.40768354262419565,0
222,1,33367,0.3191757036419128,-0.2616275195132078,1,0,1,1,1.4052854293492791,0
403,1,24722,-0.4989856850239993,-0.29245849901437954,1,0,0,1,-0.006260511064626469,1
308,1,28351,-0.026561753926821363,0.11912682805676054,1,0,1,1,-0.4011182126687821,1
680,1,19148,-0.04113864941649586,-0.2172597548642318,1,0,1,0,-0.42269001109371224,0
20,1,108379,3.1840657362898486,-0.28817420098254054,1,0,1,1,-0.37579479712647285,0
134,1,43690,-0.09666336950898326,-0.3123871374991262,1,0,0,0,-0.3401544345113709,0
855,1,16704,-0.3202199394279003,-0.1833765456472096,1,0,1,0,-0.16476633427389561,0
275,1,30000,0.45725865909864755,-0.16330953231919856,1,0,1,1,-0.17883489846406742,0
792,1,17401,-0.3729617976541771,-0.1843744411515199,1,0,1,1,-0.3260858703211991,0
647,1,19742,-0.0493547177834033,-0.07585130926676376,1,0,1,0,-0.40486982978616126,1
190,1,36789,-0.5799537136075549,-0.1682085339816927,1,0,1,1,0.02844194727113068,0
940,1,15852,-0.6100351252089741,-0.30390635623982754,1,0,0,0,-0.3542229987015427,0
785,1,17540,-0.44399103385840916,-0.31778907849579274,1,0,0,0,-0.34390605162875004,0
756,1,17938,-0.6813293958766549,-0.12995055087377402,1,0,1,1,0.02469033015375153,1
636,1,19893,-0.282054976691298,-0.31770126369141344,1,0,1,1,-0.38892545703729986,0
827,1,16925,-0.13390071162351538,0.10512169728559995,1,0,0,0,-0.348595573025474,0
877,1,16445,-0.4844087895343248,-0.3123099669134595,1,0,0,0,-0.23886077234213385,0
667,1,19493,-0.706772704367723,-0.29838732883732194,1,1,1,1,-0.2201026867552381,0
354,1,26250,-0.6613192938862834,-0.30725662407963206,1,0,1,0,-0.3410923387907157,0
496,1,22510,0.24920660529147523,-0.08002118194744182,0,0,1,0,0.08659201259050751,1
872,1,16498,-0.6226242622227839,-0.3135633236668733,1,0,1,1,0.8659904687260263,0
966,1,15602,-0.5428488887247471,-0.30415915643425284,1,0,1,1,0.3857834777014948,0
439,0,23829,0.35694311468334217,-0.31910630056148237,1,0,1,1,-0.4161246811382987,0
12,1,129475,4.749624311880889,-0.01286414503469622,1,0,1,1,-0.33734072167333656,1
728,1,18308,0.24191815754663798,-0.23299457117619696,1,0,1,1,0.14661788646857393,0
423,1,24274,-0.14622481417387653,0.1642450101249779,1,0,1,1,0.23759460156501835,0
132,1,43975,-0.36474572928726967,-0.015016938269328355,1,0,1,1,0.9982349721136413,0
597,1,20405,-0.6016865396103424,-0.31239778171783883,1,0,1,1,-0.41424887257960913,1
934,1,15869,-0.46916930788602873,-0.31684440408504566,1,1,0,0,-0.19008974981620488,0
29,1,91951,0.8444740101970919,-0.05520684707359181,1,0,1,0,0.7224911139862736,0
468,1,23039,-0.047764511002711535,-0.3009179918362529,1,0,0,1,-0.335464913114647,0
606,1,20265,-0.6695353622531909,-0.29243721057695427,1,0,0,0,-0.3983044998307478,0
305,1,28442,-0.41364458779354135,-0.31864327704748235,1,0,1,0,-0.39080126559598943,0
764,1,17794,-0.7033272563428908,-0.2576465817146792,1,0,1,0,-0.34484395590809486,0
489,0,22609,-0.04405402851443076,2.4286801327246734,1,0,0,0,-0.3945528827133686,0
527,1,21598,-0.5244289935150676,-0.23883824724943822,1,0,1,1,-0.16476633427389561,0
938,1,15861,-0.5735928864847879,0.8671333317597091,1,0,1,1,-0.1891518455368601,1
668,1,19474,0.11297889107888084,-0.07737609359734993,1,0,1,1,1.3424458426331785,0
866,1,16577,-0.7254576340408513,-0.28586972763125323,1,0,1,1,-0.3720431800090937,0
782,1,17583,-0.6459472950062631,-0.31286080523183885,1,0,1,1,-0.32327215748316473,0
245,1,31582,-0.395754761510759,-0.2977779473160231,1,0,1,1,0.08471620403181794,0
64,1,58301,0.23608739935076817,-0.17983202081589933,1,0,1,1,-0.14038082301093113,0
844,1,16785,-0.48162592766811424,-0.31627227732924107,1,0,1,1,-0.35516090298088754,0
630,1,20010,-0.08142388786068719,-0.295130197911253,1,0,1,1,-0.20790993112375583,1
886,1,16328,-0.5348978548212883,-0.3029324102276207,1,0,1,0,-0.3542229987015427,1
413,1,24549,0.6565645756120152,-0.11480914975503874,1,0,0,0,-0.11787112030665621,0
215,1,33841,-0.26111725407885644,-0.17167322717265812,1,0,1,1,-0.09817513044041568,1
297,1,29103,-0.0824840257144817,-0.3102982095767699,1,0,0,0,-0.4245658196524018,1
148,1,41268,0.42624962687515816,0.550089955294268,1,0,1,1,0.234780888726984,1
748,1,18028,0.14544561285133767,0.08277682115308321,1,0,1,1,-0.41518677685895394,0
3,1,183796,3.0679806412993496,-0.2464674910117254,1,0,1,1,0.07533716123837007,0
821,1,17014,-0.2091704992429255,2.171510486517852,1,0,0,1,0.3576463493211512,0
904,1,16197,-0.3594450400182971,-0.053227022393040134,1,0,1,1,-0.3092035932929929,0
648,1,19739,-0.6630420178986995,-0.19903419137350808,1,0,0,0,-0.34203024307006047,0
901,1,16214,-0.1517905379062977,-0.31366178268996525,1,0,1,1,-0.33921653023202614,0
707,1,18568,-0.5428488887247471,-0.314369623234356,1,0,1,1,-0.3804843185231968,0
900,1,16222,-0.317569594793414,0.617848390564278,1,0,1,1,-0.4095593511828852,0
702,1,18718,-0.0843392669586221,-0.30388506780240226,1,0,1,1,-0.4245658196524018,1
443,1,23785,-0.563919128568913,-0.2822400490502418,1,0,1,0,-0.03627344800365968,0
889,1,16315,-0.052005062417889575,-0.29998928375357475,1,0,1,1,-0.09348560904369173,0
49,1,68493,2.135854433350528,0.24802299455751625,1,0,1,0,0.04907584141671601,0
929,1,15884,-0.7416247363112175,-0.31334245612858597,1,0,0,0,-0.42362791537305705,0
784,1,17557,-0.6124204353800118,-0.3003671535178736,1,0,1,1,-0.4189383939763331,0
967,1,15601,-0.6071197461110392,-0.30665788677704586,1,0,1,1,-0.4264416282110914,0
336,1,27044,-0.5250915796736891,0.3514262572414909,1,0,0,1,0.6258869732137605,0
81,1,54304,-0.10421685171726913,-0.3120465225003216,1,0,1,0,0.12785980088167817,0
695,1,18795,-0.3818404521797061,0.38811687914397286,1,0,0,0,-0.3401544345113709,0
119,1,46482,0.6710089538699654,-0.16518823692198012,1,0,1,1,-0.0578452464285898,0
304,1,28501,-0.5371506477606016,-0.31810574400249386,1,0,1,1,-0.41049725546223,1
955,1,15666,-0.5971809537317156,-0.3159156960023675,1,0,0,0,-0.3729810842884385,0
97,1,50429,0.7412430866838515,-0.26724234488412724,1,0,0,1,-0.41987629825567785,0
467,1,23075,0.17062388687895727,0.061658691227198636,1,0,1,1,-0.25855676220837437,1
503,1,22244,-0.30020983743752894,0.48517352642053385,1,0,0,0,0.3942246162155979,0
337,1,26952,-0.49752799547503185,-0.31673263978856286,1,0,1,1,-0.4255037239317466,0
316,1,27886,-0.056113096601343296,-0.25026215498278276,1,0,1,1,0.21414699458139866,0
769,1,17750,-0.47327734206948247,-0.30517834037598845,1,0,1,1,3.270777040966062,0
263,1,30939,-0.04564423529512252,-0.13201552930402685,1,0,1,1,0.8350396275076483,0
133,1,43853,0.5109281379469945,-0.3181642872054134,1,0,0,0,-0.37579479712647285,1
70,1,56011,1.1513839188706023,-0.25762529327725386,1,0,0,0,-0.38142222280254157,1
378,1,25422,0.28379360277152105,0.1990569274246783,0,0,1,0,0.2741728684594651,0
363,1,25984,-0.6258046757841674,-0.3188721277498042,1,0,1,1,-0.26887370928116705,0
50,1,67972,0.8872770760440452,-0.14469279379078517,1,0,0,0,0.5452272051901088,0
232,1,32633,1.9153457597612702,-0.3136032394870457,1,0,0,1,-0.3983044998307478,1
172,1,38493,-0.14516467632008204,0.114717460455048,1,0,1,1,0.3266955081027732,1
510,1,22015,-0.6246120206986486,-0.31271710827921817,1,0,1,1,0.033131468667854616,1
772,1,17699,-0.2783444942030172,0.40603109923735176,1,0,0,0,-0.020329075254798285,0
113,1,48295,1.9439694818137219,0.21523880092257447,1,0,1,0,1.1614303167196343,0
278,0,29923,2.3761081744667085,0.6706304101055987,1,0,1,0,-0.2257301124313068,0
429,0,24115,-0.015165271998530395,0.2509767652502748,1,0,0,0,-0.40486982978616126,0
712,1,18508,-0.3182321809520356,-0.3147581372173675,1,1,1,1,-0.180710707022757,1
595,1,20486,-0.5250915796736891,-0.3163494479149077,1,0,1,1,-0.42269001109371224,0
693,1,18840,-0.3613002812624375,-0.2503206981857023,1,0,1,0,0.15599692926202183,1
514,1,21941,-0.5391384062364664,-0.28445936865182797,1,0,0,0,0.01531128736030365,1
181,1,37718,0.8733627667129922,-0.31253615656110323,1,0,1,1,0.2732349641801203,0
419,1,24350,-0.23130087694088586,-0.26837595417702376,1,0,0,1,1.0995286342828783,0
240,1,31845,0.16254033574377413,-0.28304634861772454,1,0,1,0,-0.3945528827133686,0
37,1,79316,1.8971908990150392,1.5290041565852688,1,0,1,0,0.818157350479442,0
703,1,18717,-0.4304742762225292,0.01776991642029159,1,0,1,1,-0.20040669688899754,0
233,1,32358,-0.14277936614904438,-0.1122891309748204,1,0,1,0,-0.2594946664877192,0
47,1,70159,1.2711794963493817,-0.3145079980776204,1,0,1,0,-0.4058077340655061,1
515,1,21926,-0.5777009206682416,0.32599455768230756,1,0,1,1,0.07721296979705965,0
750,1,17979,-0.5822065065468682,0.30691213458521605,1,0,1,1,-0.38892545703729986,0
223,0,33358,0.1681060594761953,0.6519631115383002,1,0,0,0,-0.40205611694812693,0
362,1,25989,-0.039813477099252724,-0.25579182660400107,1,0,1,1,-0.2548051450909952,1
910,1,16146,-0.5078643395495284,-0.1732538936514857,1,0,0,0,-0.033459735165625316,0
30,1,90426,1.5441649937014676,-0.027183280257879805,1,0,1,1,-0.39173916987533425,0
724,1,18364,-0.2208320156346651,1.2770900933678146,1,0,1,1,-0.4170625854176435,0
582,1,20617,0.6130989236064404,-0.28362645853756363,1,0,0,1,-0.3701673714504041,0
302,1,28870,0.20070529848037644,-0.29713131102923,1,0,1,1,2.0402466264657004,0
852,1,16713,-0.395754761510759,1.71513162604923,1,0,1,1,1.5600396354411692,0
474,1,22905,-0.6870276368408003,-0.3121210320313101,1,0,0,0,-0.36735365861236974,1
243,1,31704,1.3677845582764063,1.8383996619056755,1,0,1,1,-0.4095593511828852,0
315,1,27927,-0.21142329218223882,0.26566312601904457,1,0,1,1,1.31337080997349,0
24,1,104079,4.694629660715298,0.48905334414129237,1,0,1,1,0.10535009817740328,0
143,1,42150,-0.5374156822240502,-0.20993387133525496,1,0,0,0,-0.3720431800090937,0
572,1,20768,-0.20559253398636904,-0.1140161554609468,0,0,0,1,-0.3870496484786103,0
0,1,324491,2.633324121243601,0.20573617466686203,1,0,0,0,-0.18821394125751528,1
546,1,21295,-0.3933694513397214,-0.2941429466256554,1,0,1,1,-0.08692027908827822,0
585,1,20611,-0.568557231679264,-0.30477652111958614,1,0,1,1,-0.36078832865695626,0
512,1,22004,0.3390532884005598,1.4340497425044547,1,0,1,1,-0.3729810842884385,1
923,1,15984,-0.31597938801272224,0.3431104613722382,1,0,1,1,-0.3983044998307478,1
628,1,20041,-0.1557660548580271,-0.2805582624936442,1,0,1,0,-0.3645399457743354,1
249,1,31443,0.7221606053155504,-0.1780118594160373,1,0,1,1,-0.41049725546223,0
373,1,25659,0.0958841681864444,-0.157676079565532,1,0,0,1,0.03219356438850983,1
739,1,18158,-0.03093482257372371,-0.31573740533893074,1,0,1,1,-0.3476576687461292,1
625,1,20099,0.25132688099906425,0.6193332590746917,1,0,1,1,0.1578727378207114,0
34,1,84734,0.7929248070563338,-0.3163254984228043,1,0,1,1,-0.4114351597415748,0
623,1,20131,-0.11256543731590088,-0.22177290359839263,1,0,1,1,-0.41518677685895394,1
672,1,19413,-0.3499037993341465,-0.3032437536249655,1,0,1,0,-0.3495334773048188,0
505,1,22232,0.13683199278925728,-0.31631219314941345,1,0,0,1,-0.41049725546223,1
56,1,64691,0.8465942859046809,1.0374381701073259,1,0,1,1,-0.4170625854176435,0
895,1,16256,-0.7095555662339336,-0.26218101888626527,1,0,1,1,-0.3983044998307478,0
913,1,16109,-0.6381287783345286,1.3179106721308023,1,0,1,0,-0.34671976446678443,0
657,1,19654,-0.4765902728625903,-0.2788631706636557,1,0,1,1,-0.3195205403657856,1
926,1,15911,-0.722807289406365,-0.2964314536488737,1,0,0,0,-0.4180004896969883,0
375,1,25563,0.6980424691417253,-0.3164798395941376,1,0,1,1,-0.41987629825567785,0
601,1,20340,-0.31412414676858186,-0.31688964201457437,1,0,1,0,-0.14694615296634464,0
535,1,21477,-0.03225999489096685,-0.1560528362118539,1,0,1,1,1.4390499834056916,0
189,1,36881,-0.001383479899201781,0.026343834593325878,1,0,1,1,-0.0006330853885577424,0
466,1,23087,-0.13761119411179615,-0.21364072050193303,1,0,1,1,0.33888826373425546,1
640,1,19840,0.14796344025409963,-0.24612421495824266,1,0,1,1,-0.3645399457743354,0
899,1,16246,-0.5747855415703067,-0.2509087912695759,1,0,1,1,-0.3185826360864408,0
348,1,26443,-0.004563893460585307,1.9029169325776856,1,0,1,1,-0.14694615296634464,1
564,1,20957,-0.35109645441966536,-0.198387555086715,1,0,1,1,-0.4255037239317466,1
737,0,18169,-0.15417584807733534,0.3383072576781579,0,0,0,0,-0.10849207751320833,0
986,1,15400,-0.4723497214474123,-0.3094972321186435,1,0,1,1,-0.149759865804379,1
488,1,22610,-0.4382927928942637,-0.18432388111263487,1,0,1,1,0.234780888726984,0
109,1,48807,-0.6277924342600322,-0.31807913345571226,1,0,1,1,-0.38329803136123114,1
321,1,27662,-0.34526569622379555,-0.31841442634516054,1,0,1,0,-0.41518677685895394,0
612,1,20213,-0.5054790293784907,-0.058275043117511284,1,0,0,1,0.1653759720554697,0
969,1,15591,-0.581278885924798,-0.3076052222424711,1,0,1,0,-0.4086214469035404,1
276,1,29938,-0.46598889432464524,-0.2832219782264832,1,0,0,0,0.5864949934812794,1
393,1,24983,0.02710772492152564,-0.28601874669323024,1,0,0,0,-0.35516090298088754,1
307,1,28353,-0.5494747503109628,-0.29092040941040254,1,0,1,0,0.17100339773153841,0
342,1,26795,0.9434643822951542,-0.1335083809784751,1,0,1,1,0.02000080875702759,0
857,1,16670,-0.5489446813840655,-0.31540477350416063,1,0,1,1,-0.20415831400637668,1
150,1,40898,-0.03345264997648567,-0.31746975193441346,1,0,1,1,-0.26137047504640876,0
678,1,19176,-0.02311630590198921,-0.26998589225731107,1,0,1,1,0.11941866236757509,1
842,1,16798,0.25371219117010185,-0.29551072873023004,1,1,1,1,-0.42362791537305705,1
281,1,29852,0.8578582506012475,0.2827524191621936,1,0,1,1,2.9987847999560735,1
21,1,108069,1.5800771634987567,-0.3095850469230228,1,0,0,0,-0.21166154824113498,0
566,1,20874,0.04513006843603229,4.727312468993414,1,0,1,1,-0.24730191085623693,1
367,0,25929,0.15021623319341296,-0.2862768689970118,1,0,0,0,-0.3898633613166447,0
66,0,57633,2.47046044345442,0.2322322960973097,1,0,0,0,-0.2623083793257535,0
131,1,44170,-0.33029124903894813,-0.1966738358739794,1,0,1,0,-0.16758004711192998,0
104,1,49292,-0.11375809240141971,-0.020400251883247775,1,0,1,1,0.5536683437042119,0
642,1,19817,-0.5787610585220361,-0.25069324584064484,1,0,0,0,-0.40486982978616126,0
258,1,31171,0.37324273418543275,-0.29546815185537945,1,0,1,1,-0.3720431800090937,1
713,1,18506,-0.3715041081052096,-0.29173469214191977,1,0,1,1,-0.34671976446678443,1
746,1,18055,-0.13588847009938007,-0.28995976867158646,1,0,1,0,-0.3270237746005439,1
949,1,15714,-0.6099026079772498,-0.31692689678006863,1,0,1,1,0.017187095918993225,0
968,1,15600,-0.37733486630107943,-0.26140931302959863,1,0,1,1,-0.4245658196524018,0
861,1,16628,-0.5909526438406729,-0.3100001714528159,1,0,0,0,-0.2754390392365806,1
182,1,37578,0.03916679300843818,-0.2794672300755982,1,0,0,0,-0.41424887257960913,0
157,1,40452,-0.22056698117121645,-0.3144494548747009,1,0,0,0,-0.42362791537305705,0
10,1,139050,2.864831725065977,-0.29084589987941406,1,0,1,1,-0.31295521041037205,0
974,1,15525,-0.36699852222658297,-0.31867787075829845,1,0,1,1,-0.41424887257960913,0
41,1,74189,0.09190865123471499,-0.06881281964302828,1,0,1,1,0.7947097434958224,0
370,1,25753,-0.5631240251785671,-0.2617446059190469,1,0,0,0,-0.3251479660418543,0
803,1,17285,-0.4474364818832413,-0.2174167570902433,1,0,0,1,0.1644380677761249,0
13,1,128230,2.1381072262898413,-0.2983048361422989,1,0,1,1,0.2713591556214307,0
